Operation Id,Auction Status,Operation Date,Settlement Date,Maturity Date,Operation Type,Operation Method,Settlement Type,Term (Calendar Days),Term,Release Time,Close Time,Note,Operation Limit ($Billions),Participating Counterparties,Accepted Counterparties,Tsy Amt Submitted ($Billions),Tsy Amt Accepted ($Billions),Tsy Minimum Bid Rate(%),Tsy Maximum Bid Rate(%),Tsy Offering Rate(%),Tsy Stop-Out Rate(%),Tsy Award Rate (%),Tsy Weighted Average Rate (%),Tsy High Rate (%),Tsy Low Rate (%),Tsy Amt At Stop-Out (%),Agy Amt Submitted ($Billions),Agy Amt Accepted ($Billions),Agy Minimum Bid Rate(%),Agy Maximum Bid Rate(%),Agy Offering Rate(%),Agy Stop-Out Rate(%),Agy Award Rate (%),Agy Weighted Average Rate (%),Agy High Rate (%),Agy Low Rate (%),Agy Amt At Stop-Out (%),Mbs Amt Submitted ($Billions),Mbs Amt Accepted ($Billions),Mbs Minimum Bid Rate(%),Mbs Maximum Bid Rate(%),Mbs Offering Rate(%),Mbs Stop-Out Rate(%),Mbs Award Rate (%),Mbs Weighted Average Rate (%),Mbs High Rate (%),Mbs Low Rate (%),Mbs Amt At Stop-Out (%),Oth Amt Submitted ($Billions),Oth Amt Accepted ($Billions),Oth Minimum Bid Rate(%),Oth Maximum Bid Rate(%),Oth Offering Rate(%),Oth Stop-Out Rate(%),Oth Award Rate (%),Oth Weighted Average Rate (%),Oth High Rate (%),Oth Low Rate (%),Oth Amt At Stop-Out (%),Total Amt Submitted ($Billions),Total Amt Accepted ($Billions),Last Updated,Bank Prop Amt Accepted ($Billions),GSE Prop Amt Accepted ($Billions),MMF Prop Amt Accepted ($Billions),PD Prop Amt Accepted ($Billions),Total Tsy Settle Amt Accepted ($Billions),Total Mbs Settle Amt Accepted ($Billions),Total Agy Settle Amt Accepted ($Billions),Total US Dollar Settle Amt Accepted ($Billions)
RP 030725 2,Results,03-07-2025,03-07-2025,03-10-2025,Repo,Multiple Price,Same Day,3,Overnight,1.30 PM,1.45 PM,,500,,,0,0,4.5,,,,,,,,,0,0,4.5,,,,,,,,,0,0,4.5,,,,,,,,,,,,,,,,,,,,0,0,03-07-2025 13.45,,,,,,,,
RP 030625 2,Results,03-06-2025,03-06-2025,03-07-2025,Repo,Multiple Price,Same Day,1,Overnight,1.30 PM,1.45 PM,,500,,,0,0,4.5,,,,,,,,,0,0,4.5,,,,,,,,,0,0,4.5,,,,,,,,,,,,,,,,,,,,0,0,03-06-2025 13.45,,,,,,,,
RP 030525 4,Results,03-05-2025,03-05-2025,03-06-2025,Repo,Multiple Price,Same Day,1,Overnight,8.15 AM,8.30 AM,This operation is an early settling overnight repo small value exercise (SVE); the daily SRF operation will still take place at its regularly scheduled time (1:30pm ET).,0.25,,,0.036,0.036,4.5,,,4.5,,4.5,4.5,4.5,,0.017,0.017,4.5,,,4.5,,4.5,4.5,4.5,,0.031,0.031,4.5,,,4.5,,4.5,4.5,4.5,,,,,,,,,,,,,0.084,0.084,03-05-2025 8.32,,,,,,,,
RP 030525 6,Results,03-05-2025,03-05-2025,03-06-2025,Repo,Multiple Price,Same Day,1,Overnight,1.30 PM,1.45 PM,,500,,,0,0,4.5,,,,,,,,,0,0,4.5,,,,,,,,,0,0,4.5,,,,,,,,,,,,,,,,,,,,0,0,03-05-2025 13.45,,,,,,,,
RP 030425 2,Results,03-04-2025,03-04-2025,03-05-2025,Repo,Multiple Price,Same Day,1,Overnight,1.30 PM,1.45 PM,,500,,,0,0,4.5,,,,,,,,,0,0,4.5,,,,,,,,,0,0,4.5,,,,,,,,,,,,,,,,,,,,0,0,03-04-2025 13.45,,,,,,,,
RP 030325 2,Results,03-03-2025,03-03-2025,03-04-2025,Repo,Multiple Price,Same Day,1,Overnight,1.30 PM,1.45 PM,,500,,,0,0,4.5,,,,,,,,,0,0,4.5,,,,,,,,,0,0,4.5,,,,,,,,,,,,,,,,,,,,0,0,03-03-2025 13.45,,,,,,,,
RP 022825 2,Results,02/28/2025,02/28/2025,03-03-2025,Repo,Multiple Price,Same Day,3,Overnight,1.30 PM,1.45 PM,,500,,,0,0,4.5,,,,,,,,,0,0,4.5,,,,,,,,,0,0,4.5,,,,,,,,,,,,,,,,,,,,0,0,02/28/2025 13:45:34,,,,,,,,
RP 022725 2,Results,02/27/2025,02/27/2025,02/28/2025,Repo,Multiple Price,Same Day,1,Overnight,1.30 PM,1.45 PM,,500,,,0,0,4.5,,,,,,,,,0,0,4.5,,,,,,,,,0,0,4.5,,,,,,,,,,,,,,,,,,,,0,0,02/27/2025 13:45:32,,,,,,,,
RP 022625 99,Results,02/26/2025,02/26/2025,02/27/2025,Repo,Multiple Price,Same Day,1,Overnight,10.00 AM,10.15 AM,This is a small value exercise for operational readiness testing.  The regular SRF operation will take place at its regularly scheduled time (1:30 PM ET).,0.25,,,0.048,0.048,,,,4.5,,4.5,4.5,4.5,,0.015,0.015,,,,4.5,,4.5,4.5,4.5,,0.031,0.031,,,,4.5,,4.5,4.5,4.5,,,,,,,,,,,,,0.094,0.094,02/26/2025 10:29:00,,,,,,,,
RP 022625 2,Results,02/26/2025,02/26/2025,02/27/2025,Repo,Multiple Price,Same Day,1,Overnight,1.30 PM,1.45 PM,,500,,,0.001,0.001,4.5,,,4.5,,4.5,4.5,4.5,,0.001,0.001,4.5,,,4.5,,4.5,4.5,4.5,,0.001,0.001,4.5,,,4.5,,4.5,4.5,4.5,,,,,,,,,,,,,0.003,0.003,02/26/2025 13:45:46,,,,,,,,
RP 022525 2,Results,02/25/2025,02/25/2025,02/26/2025,Repo,Multiple Price,Same Day,1,Overnight,1.30 PM,1.45 PM,,500,,,0.001,0.001,4.5,,,4.5,,4.5,4.5,4.5,,0.001,0.001,4.5,,,4.5,,4.5,4.5,4.5,,0.001,0.001,4.5,,,4.5,,4.5,4.5,4.5,,,,,,,,,,,,,0.003,0.003,02/25/2025 13:45:39,,,,,,,,
RP 022425 2,Results,02/24/2025,02/24/2025,02/25/2025,Repo,Multiple Price,Same Day,1,Overnight,1.30 PM,1.45 PM,,500,,,0,0,4.5,,,,,,,,,0,0,4.5,,,,,,,,,0,0,4.5,,,,,,,,,,,,,,,,,,,,0,0,02/24/2025 13:45:38,,,,,,,,
RP 022125 2,Results,02/21/2025,02/21/2025,02/24/2025,Repo,Multiple Price,Same Day,3,Overnight,1.30 PM,1.45 PM,,500,,,0,0,4.5,,,,,,,,,0,0,4.5,,,,,,,,,0,0,4.5,,,,,,,,,,,,,,,,,,,,0,0,02/21/2025 13:45:50,,,,,,,,
RP 022025 2,Results,02/20/2025,02/20/2025,02/21/2025,Repo,Multiple Price,Same Day,1,Overnight,1.30 PM,1.45 PM,,500,,,0,0,4.5,,,,,,,,,0,0,4.5,,,,,,,,,0,0,4.5,,,,,,,,,,,,,,,,,,,,0,0,02/20/2025 13:45:54,,,,,,,,
RP 021925 2,Results,02/19/2025,02/19/2025,02/20/2025,Repo,Multiple Price,Same Day,1,Overnight,1.30 PM,1.45 PM,,500,,,0,0,4.5,,,,,,,,,0,0,4.5,,,,,,,,,0,0,4.5,,,,,,,,,,,,,,,,,,,,0,0,02/19/2025 13:45:54,,,,,,,,
RP 021825 2,Results,02/18/2025,02/18/2025,02/19/2025,Repo,Multiple Price,Same Day,1,Overnight,1.30 PM,1.45 PM,,500,,,0,0,4.5,,,,,,,,,0,0,4.5,,,,,,,,,0,0,4.5,,,,,,,,,,,,,,,,,,,,0,0,02/18/2025 13:45:45,,,,,,,,
RP 021425 2,Results,02/14/2025,02/14/2025,02/18/2025,Repo,Multiple Price,Same Day,4,Overnight,1.30 PM,1.45 PM,,500,,,0,0,4.5,,,,,,,,,0,0,4.5,,,,,,,,,0,0,4.5,,,,,,,,,,,,,,,,,,,,0,0,02/14/2025 13:45:46,,,,,,,,
RP 021325 2,Results,02/13/2025,02/13/2025,02/14/2025,Repo,Multiple Price,Same Day,1,Overnight,1.30 PM,1.45 PM,,500,,,0,0,4.5,,,,,,,,,0,0,4.5,,,,,,,,,0,0,4.5,,,,,,,,,,,,,,,,,,,,0,0,02/13/2025 13:45:36,,,,,,,,
RP 021225 2,Results,02-12-2025,02-12-2025,02/13/2025,Repo,Multiple Price,Same Day,1,Overnight,1.30 PM,1.45 PM,,500,,,0.1,0.1,4.5,,,4.5,,4.5,4.5,4.5,,0,0,4.5,,,,,,,,,0,0,4.5,,,,,,,,,,,,,,,,,,,,0.1,0.1,02-12-2025 13.46,,,,,,,,
RP 021125 2,Results,02-11-2025,02-11-2025,02-12-2025,Repo,Multiple Price,Same Day,1,Overnight,1.30 PM,1.45 PM,,500,,,0.1,0.1,4.5,,,4.5,,4.5,4.5,4.5,,0,0,4.5,,,,,,,,,0,0,4.5,,,,,,,,,,,,,,,,,,,,0.1,0.1,02-11-2025 13.45,,,,,,,,
RP 021025 2,Results,02-10-2025,02-10-2025,02-11-2025,Repo,Multiple Price,Same Day,1,Overnight,1.30 PM,1.45 PM,,500,,,0,0,4.5,,,,,,,,,0,0,4.5,,,,,,,,,0,0,4.5,,,,,,,,,,,,,,,,,,,,0,0,02-10-2025 13.45,,,,,,,,
RP 020725 2,Results,02-07-2025,02-07-2025,02-10-2025,Repo,Multiple Price,Same Day,3,Overnight,1.30 PM,1.45 PM,,500,,,0,0,4.5,,,,,,,,,0,0,4.5,,,,,,,,,0,0,4.5,,,,,,,,,,,,,,,,,,,,0,0,02-07-2025 13.45,,,,,,,,
RP 020625 2,Results,02-06-2025,02-06-2025,02-07-2025,Repo,Multiple Price,Same Day,1,Overnight,1.30 PM,1.45 PM,,500,,,0.001,0.001,4.5,,,4.5,,4.5,4.5,4.5,,0,0,4.5,,,,,,,,,0,0,4.5,,,,,,,,,,,,,,,,,,,,0.001,0.001,02-06-2025 13.45,,,,,,,,
RP 020525 2,Results,02-05-2025,02-05-2025,02-06-2025,Repo,Multiple Price,Same Day,1,Overnight,1.30 PM,1.45 PM,,500,,,0,0,4.5,,,,,,,,,0,0,4.5,,,,,,,,,0,0,4.5,,,,,,,,,,,,,,,,,,,,0,0,02-05-2025 13.45,,,,,,,,
RP 020425 2,Results,02-04-2025,02-04-2025,02-05-2025,Repo,Multiple Price,Same Day,1,Overnight,1.30 PM,1.45 PM,,500,,,0,0,4.5,,,,,,,,,0,0,4.5,,,,,,,,,0,0,4.5,,,,,,,,,,,,,,,,,,,,0,0,02-04-2025 13.45,,,,,,,,
RP 020325 2,Results,02-03-2025,02-03-2025,02-04-2025,Repo,Multiple Price,Same Day,1,Overnight,1.30 PM,1.45 PM,,500,,,0,0,4.5,,,,,,,,,0,0,4.5,,,,,,,,,0,0,4.5,,,,,,,,,,,,,,,,,,,,0,0,02-03-2025 13.45,,,,,,,,
RP 013125 2,Results,01/31/2025,01/31/2025,02-03-2025,Repo,Multiple Price,Same Day,3,Overnight,1.30 PM,1.45 PM,,500,,,0,0,4.5,,,,,,,,,0,0,4.5,,,,,,,,,0,0,4.5,,,,,,,,,,,,,,,,,,,,0,0,01/31/2025 13:45:55,,,,,,,,
RP 013025 2,Results,01/30/2025,01/30/2025,01/31/2025,Repo,Multiple Price,Same Day,1,Overnight,1.30 PM,1.45 PM,,500,,,0,0,4.5,,,,,,,,,0,0,4.5,,,,,,,,,0,0,4.5,,,,,,,,,,,,,,,,,,,,0,0,01/30/2025 13:45:48,,,,,,,,
RP 012925 2,Results,01/29/2025,01/29/2025,01/30/2025,Repo,Multiple Price,Same Day,1,Overnight,1.30 PM,1.45 PM,,500,,,0.001,0.001,4.5,,,4.5,,4.5,4.5,4.5,,0.001,0.001,4.5,,,4.5,,4.5,4.5,4.5,,0.001,0.001,4.5,,,4.5,,4.5,4.5,4.5,,,,,,,,,,,,,0.003,0.003,01/29/2025 13:46:10,,,,,,,,
RP 012825 2,Results,01/28/2025,01/28/2025,01/29/2025,Repo,Multiple Price,Same Day,1,Overnight,1.30 PM,1.45 PM,,500,,,0,0,4.5,,,,,,,,,0,0,4.5,,,,,,,,,0,0,4.5,,,,,,,,,,,,,,,,,,,,0,0,01/28/2025 13:46:02,,,,,,,,
RP 012725 2,Results,01/27/2025,01/27/2025,01/28/2025,Repo,Multiple Price,Same Day,1,Overnight,1.30 PM,1.45 PM,,500,,,0,0,4.5,,,,,,,,,0,0,4.5,,,,,,,,,0,0,4.5,,,,,,,,,,,,,,,,,,,,0,0,01/27/2025 13:45:50,,,,,,,,
RP 012425 26,Results,01/24/2025,01/24/2025,01/27/2025,Repo,Multiple Price,Same Day,3,Overnight,10.00 AM,10.15 AM,This operation is a Small Value Exercise (SVE); the daily SRF operation will still take place at its regularly scheduled time (1:30 PM ET).â€¯,,,,0.038,0.038,4.5,,,4.5,,4.5,4.5,4.5,,0.013,0.013,4.5,,,4.5,,4.5,4.5,4.5,,0.031,0.031,4.5,,,4.5,,4.5,4.5,4.5,,,,,,,,,,,,,0.082,0.082,01/24/2025 10:17:38,,,,,,,,
RP 012425 4,Results,01/24/2025,01/24/2025,01/27/2025,Repo,Multiple Price,Same Day,3,Overnight,1.30 PM,1.45 PM,,500,,,0,0,4.5,,,,,,,,,0,0,4.5,,,,,,,,,0,0,4.5,,,,,,,,,,,,,,,,,,,,0,0,01/24/2025 13:46:57,,,,,,,,
RP 012325 2,Results,01/23/2025,01/23/2025,01/24/2025,Repo,Multiple Price,Same Day,1,Overnight,1.30 PM,1.45 PM,,500,,,0,0,4.5,,,,,,,,,0,0,4.5,,,,,,,,,0,0,4.5,,,,,,,,,,,,,,,,,,,,0,0,01/23/2025 13:45:50,,,,,,,,
RP 012225 2,Results,01/22/2025,01/22/2025,01/23/2025,Repo,Multiple Price,Same Day,1,Overnight,1.30 PM,1.45 PM,,500,,,0,0,4.5,,,,,,,,,0,0,4.5,,,,,,,,,0,0,4.5,,,,,,,,,,,,,,,,,,,,0,0,01/22/2025 13:45:38,,,,,,,,
RP 012125 2,Results,01/21/2025,01/21/2025,01/22/2025,Repo,Multiple Price,Same Day,1,Overnight,1.30 PM,1.45 PM,,500,,,0,0,4.5,,,,,,,,,0,0,4.5,,,,,,,,,0,0,4.5,,,,,,,,,,,,,,,,,,,,0,0,01/21/2025 13:45:59,,,,,,,,
RP 011725 2,Results,01/17/2025,01/17/2025,01/21/2025,Repo,Multiple Price,Same Day,4,Overnight,1.30 PM,1.45 PM,,500,,,0.001,0.001,4.5,,,4.5,,4.5,4.5,4.5,,0,0,4.5,,,,,,,,,0,0,4.5,,,,,,,,,,,,,,,,,,,,0.001,0.001,01/17/2025 13:45:52,,,,,,,,
RP 011625 2,Results,01/16/2025,01/16/2025,01/17/2025,Repo,Multiple Price,Same Day,1,Overnight,1.30 PM,1.45 PM,,500,,,0.002,0.002,4.5,,,4.5,,4.5,4.5,4.5,,0,0,4.5,,,,,,,,,0,0,4.5,,,,,,,,,,,,,,,,,,,,0.002,0.002,01/16/2025 13:46:05,,,,,,,,
RP 011525 2,Results,01/15/2025,01/15/2025,01/16/2025,Repo,Multiple Price,Same Day,1,Overnight,1.30 PM,1.45 PM,,500,,,0,0,4.5,,,,,,,,,0,0,4.5,,,,,,,,,0,0,4.5,,,,,,,,,,,,,,,,,,,,0,0,01/15/2025 13:46:08,,,,,,,,
RP 011425 2,Results,01/14/2025,01/14/2025,01/15/2025,Repo,Multiple Price,Same Day,1,Overnight,1.30 PM,1.45 PM,,500,,,0.001,0.001,4.5,,,4.5,,4.5,4.5,4.5,,0.001,0.001,4.5,,,4.5,,4.5,4.5,4.5,,0.001,0.001,4.5,,,4.5,,4.5,4.5,4.5,,,,,,,,,,,,,0.003,0.003,01/14/2025 13:46:00,,,,,,,,
RP 011325 2,Results,01/13/2025,01/13/2025,01/14/2025,Repo,Multiple Price,Same Day,1,Overnight,1.30 PM,1.45 PM,,500,,,0,0,4.5,,,,,,,,,0,0,4.5,,,,,,,,,0,0,4.5,,,,,,,,,,,,,,,,,,,,0,0,01/13/2025 13:45:42,,,,,,,,
RP 011025 2,Results,01-10-2025,01-10-2025,01/13/2025,Repo,Multiple Price,Same Day,3,Overnight,1.30 PM,1.45 PM,,500,,,0,0,4.5,,,,,,,,,0,0,4.5,,,,,,,,,0,0,4.5,,,,,,,,,,,,,,,,,,,,0,0,01-10-2025 13.45,,,,,,,,
RP 010925 2,Results,01-09-2025,01-09-2025,01-10-2025,Repo,Multiple Price,Same Day,1,Overnight,1.30 PM,1.45 PM,,500,,,0,0,4.5,,,,,,,,,0,0,4.5,,,,,,,,,0,0,4.5,,,,,,,,,,,,,,,,,,,,0,0,01-09-2025 13.45,,,,,,,,
RP 010825 2,Results,01-08-2025,01-08-2025,01-09-2025,Repo,Multiple Price,Same Day,1,Overnight,1.30 PM,1.45 PM,,500,,,0,0,4.5,,,,,,,,,0,0,4.5,,,,,,,,,0,0,4.5,,,,,,,,,,,,,,,,,,,,0,0,01-08-2025 13.45,,,,,,,,
RP 010725 2,Results,01-07-2025,01-07-2025,01-08-2025,Repo,Multiple Price,Same Day,1,Overnight,1.30 PM,1.45 PM,,500,,,0.001,0.001,4.5,,,4.5,,4.5,4.5,4.5,,0,0,4.5,,,,,,,,,0.001,0.001,4.5,,,4.5,,4.5,4.5,4.5,,,,,,,,,,,,,0.002,0.002,01-07-2025 13.45,,,,,,,,
RP 010625 2,Results,01-06-2025,01-06-2025,01-07-2025,Repo,Multiple Price,Same Day,1,Overnight,1.30 PM,1.45 PM,,500,,,0,0,4.5,,,,,,,,,0,0,4.5,,,,,,,,,0,0,4.5,,,,,,,,,,,,,,,,,,,,0,0,01-06-2025 13.45,,,,,,,,
RP 010325 1,Results,01-03-2025,01-03-2025,01-06-2025,Repo,Multiple Price,Same Day,3,Overnight,8.15 AM,8.30 AM,,500,,,0,0,4.5,,,,,,,,,0,0,4.5,,,,,,,,,0,0,4.5,,,,,,,,,,,,,,,,,,,,0,0,01-03-2025 8.30,,,,,,,,
RP 010325 3,Results,01-03-2025,01-03-2025,01-06-2025,Repo,Multiple Price,Same Day,3,Overnight,1.30 PM,1.45 PM,,500,,,0,0,4.5,,,,,,,,,0,0,4.5,,,,,,,,,0,0,4.5,,,,,,,,,,,,,,,,,,,,0,0,01-03-2025 13.46,,,,,,,,
RP 010225 1,Results,01-02-2025,01-02-2025,01-03-2025,Repo,Multiple Price,Same Day,1,Overnight,8.15 AM,8.30 AM,,500,,,0.001,0.001,4.5,,,4.5,,4.5,4.5,4.5,,0,0,4.5,,,,,,,,,0,0,4.5,,,,,,,,,,,,,,,,,,,,0.001,0.001,01-02-2025 8.30,,,,,,,,
RP 010225 3,Results,01-02-2025,01-02-2025,01-03-2025,Repo,Multiple Price,Same Day,1,Overnight,1.30 PM,1.45 PM,,499.999,,,0.001,0.001,4.5,,,4.5,,4.5,4.5,4.5,,0.001,0.001,4.5,,,4.5,,4.5,4.5,4.5,,0.001,0.001,4.5,,,4.5,,4.5,4.5,4.5,,,,,,,,,,,,,0.003,0.003,01-02-2025 13.45,,,,,,,,
RP 123124 1,Results,12/31/2024,12/31/2024,01-02-2025,Repo,Multiple Price,Same Day,2,Overnight,8.15 AM,8.30 AM,,500,,,0,0,4.5,,,,,,,,,0,0,4.5,,,,,,,,,0,0,4.5,,,,,,,,,,,,,,,,,,,,0,0,12/31/2024 08:30:50,,,,,,,,
RP 123124 3,Results,12/31/2024,12/31/2024,01-02-2025,Repo,Multiple Price,Same Day,2,Overnight,1.30 PM,1.45 PM,,500,,,0,0,4.5,,,,,,,,,0,0,4.5,,,,,,,,,0,0,4.5,,,,,,,,,,,,,,,,,,,,0,0,12/31/2024 13:45:47,,,,,,,,
RP 123024 1,Results,12/30/2024,12/30/2024,12/31/2024,Repo,Multiple Price,Same Day,1,Overnight,8.15 AM,8.30 AM,,500,,,0,0,4.5,,,,,,,,,0,0,4.5,,,,,,,,,0,0,4.5,,,,,,,,,,,,,,,,,,,,0,0,12/30/2024 08:30:58,,,,,,,,
RP 123024 3,Results,12/30/2024,12/30/2024,12/31/2024,Repo,Multiple Price,Same Day,1,Overnight,1.30 PM,1.45 PM,,500,,,0,0,4.5,,,,,,,,,0,0,4.5,,,,,,,,,0,0,4.5,,,,,,,,,,,,,,,,,,,,0,0,12/30/2024 13:45:51,,,,,,,,
RP 122724 2,Results,12/27/2024,12/27/2024,12/30/2024,Repo,Multiple Price,Same Day,3,Overnight,1.30 PM,1.45 PM,,500,,,0,0,4.5,,,,,,,,,0,0,4.5,,,,,,,,,0,0,4.5,,,,,,,,,,,,,,,,,,,,0,0,12/27/2024 13:45:48,,,,,,,,
RP 122624 2,Results,12/26/2024,12/26/2024,12/27/2024,Repo,Multiple Price,Same Day,1,Overnight,1.30 PM,1.45 PM,,500,,,0.002,0.002,4.5,,,4.5,,4.5,4.5,4.5,,0,0,4.5,,,,,,,,,0.002,0.002,4.5,,,4.5,,4.5,4.5,4.5,,,,,,,,,,,,,0.004,0.004,12/26/2024 13:46:19,,,,,,,,
RP 122424 2,Results,12/24/2024,12/24/2024,12/26/2024,Repo,Multiple Price,Same Day,2,Overnight,1.30 PM,1.45 PM,,500,,,0.001,0.001,4.5,,,4.5,,4.5,4.5,4.5,,0,0,4.5,,,,,,,,,0,0,4.5,,,,,,,,,,,,,,,,,,,,0.001,0.001,12/24/2024 13:46:21,,,,,,,,
RP 122324 2,Results,12/23/2024,12/23/2024,12/24/2024,Repo,Multiple Price,Same Day,1,Overnight,1.30 PM,1.45 PM,,500,,,0.025,0.025,4.5,,,4.5,,4.5,4.5,4.5,,0,0,4.5,,,,,,,,,0.025,0.025,4.5,,,4.5,,4.5,4.5,4.5,,,,,,,,,,,,,0.05,0.05,12/23/2024 13:46:09,,,,,,,,
RP 122024 2,Results,12/20/2024,12/20/2024,12/23/2024,Repo,Multiple Price,Same Day,3,Overnight,1.30 PM,1.45 PM,,500,,,0,0,4.5,,,,,,,,,0,0,4.5,,,,,,,,,0,0,4.5,,,,,,,,,,,,,,,,,,,,0,0,12/20/2024 13:45:40,,,,,,,,
RP 121924 2,Results,12/19/2024,12/19/2024,12/20/2024,Repo,Multiple Price,Same Day,1,Overnight,1.30 PM,1.45 PM,,500,,,0.001,0.001,4.5,,,4.5,,4.5,4.5,4.5,,0,0,4.5,,,,,,,,,0,0,4.5,,,,,,,,,,,,,,,,,,,,0.001,0.001,12/19/2024 13:46:31,,,,,,,,
RP 121824 2,Results,12/18/2024,12/18/2024,12/19/2024,Repo,Multiple Price,Same Day,1,Overnight,1.30 PM,1.45 PM,,500,,,0,0,4.75,,,,,,,,,0,0,4.75,,,,,,,,,0,0,4.75,,,,,,,,,,,,,,,,,,,,0,0,12/18/2024 13:46:09,,,,,,,,
RP 121724 2,Results,12/17/2024,12/17/2024,12/18/2024,Repo,Multiple Price,Same Day,1,Overnight,1.30 PM,1.45 PM,,500,,,0.001,0.001,4.75,,,4.75,,4.75,4.75,4.75,,0,0,4.75,,,,,,,,,0.001,0.001,4.75,,,4.75,,4.75,4.75,4.75,,,,,,,,,,,,,0.002,0.002,12/17/2024 13:46:20,,,,,,,,
RP 121624 2,Results,12/16/2024,12/16/2024,12/17/2024,Repo,Multiple Price,Same Day,1,Overnight,1.30 PM,1.45 PM,,500,,,0.004,0.004,4.75,,,4.75,,4.75,4.75,4.75,,0.001,0.001,4.75,,,4.75,,4.75,4.75,4.75,,0.001,0.001,4.75,,,4.75,,4.75,4.75,4.75,,,,,,,,,,,,,0.006,0.006,12/16/2024 13:46:33,,,,,,,,
RP 121324 2,Results,12/13/2024,12/13/2024,12/16/2024,Repo,Multiple Price,Same Day,3,Overnight,1.30 PM,1.45 PM,,500,,,0,0,4.75,,,,,,,,,0,0,4.75,,,,,,,,,0.001,0.001,4.75,,,4.75,,4.75,4.75,4.75,,,,,,,,,,,,,0.001,0.001,12/13/2024 13:45:29,,,,,,,,
RP 121224 2,Results,12-12-2024,12-12-2024,12/13/2024,Repo,Multiple Price,Same Day,1,Overnight,1.30 PM,1.45 PM,,500,,,0.002,0.002,4.75,,,4.75,,4.75,4.75,4.75,,0.001,0.001,4.75,,,4.75,,4.75,4.75,4.75,,0.001,0.001,4.75,,,4.75,,4.75,4.75,4.75,,,,,,,,,,,,,0.004,0.004,12-12-2024 13.45,,,,,,,,
RP 121124 2,Results,12-11-2024,12-11-2024,12-12-2024,Repo,Multiple Price,Same Day,1,Overnight,1.30 PM,1.45 PM,,500,,,0.004,0.004,4.75,,,4.75,,4.75,4.75,4.75,,0.001,0.001,4.75,,,4.75,,4.75,4.75,4.75,,0.001,0.001,4.75,,,4.75,,4.75,4.75,4.75,,,,,,,,,,,,,0.006,0.006,12-11-2024 13.45,,,,,,,,
RP 121024 2,Results,12-10-2024,12-10-2024,12-11-2024,Repo,Multiple Price,Same Day,1,Overnight,1.30 PM,1.45 PM,,500,,,0.1,0.1,4.75,,,4.75,,4.75,4.75,4.75,,0,0,4.75,,,,,,,,,0,0,4.75,,,,,,,,,,,,,,,,,,,,0.1,0.1,12-10-2024 13.45,,,,,,,,
RP 120924 2,Results,12-09-2024,12-09-2024,12-10-2024,Repo,Multiple Price,Same Day,1,Overnight,1.30 PM,1.45 PM,,500,,,0.01,0.01,4.75,,,4.75,,4.75,4.75,4.75,,0,0,4.75,,,,,,,,,0.01,0.01,4.75,,,4.75,,4.75,4.75,4.75,,,,,,,,,,,,,0.02,0.02,12-09-2024 13.45,,,,,,,,
RP 120624 2,Results,12-06-2024,12-06-2024,12-09-2024,Repo,Multiple Price,Same Day,3,Overnight,1.30 PM,1.45 PM,,500,,,0.001,0.001,4.75,,,4.75,,4.75,4.75,4.75,,0.001,0.001,4.75,,,4.75,,4.75,4.75,4.75,,0.002,0.002,4.75,,,4.75,,4.75,4.75,4.75,,,,,,,,,,,,,0.004,0.004,12-06-2024 13.45,,,,,,,,
RP 120524 2,Results,12-05-2024,12-05-2024,12-06-2024,Repo,Multiple Price,Same Day,1,Overnight,1.30 PM,1.45 PM,,500,,,0.001,0.001,4.75,,,4.75,,4.75,4.75,4.75,,0,0,4.75,,,,,,,,,0,0,4.75,,,,,,,,,,,,,,,,,,,,0.001,0.001,12-05-2024 13.46,,,,,,,,
RP 120424 2,Results,12-04-2024,12-04-2024,12-05-2024,Repo,Multiple Price,Same Day,1,Overnight,1.30 PM,1.45 PM,,500,,,0.003,0.003,4.75,,,4.75,,4.75,4.75,4.75,,0.001,0.001,4.75,,,4.75,,4.75,4.75,4.75,,0.003,0.003,4.75,,,4.75,,4.75,4.75,4.75,,,,,,,,,,,,,0.007,0.007,12-04-2024 13.46,,,,,,,,
RP 120324 2,Results,12-03-2024,12-03-2024,12-04-2024,Repo,Multiple Price,Same Day,1,Overnight,1.30 PM,1.45 PM,,500,,,0.001,0.001,4.75,,,4.75,,4.75,4.75,4.75,,0,0,4.75,,,,,,,,,0.002,0.002,4.75,,,4.75,,4.75,4.75,4.75,,,,,,,,,,,,,0.003,0.003,12-03-2024 13.45,,,,,,,,
RP 120224 2,Results,12-02-2024,12-02-2024,12-03-2024,Repo,Multiple Price,Same Day,1,Overnight,1.30 PM,1.45 PM,,500,,,0.001,0.001,4.75,,,4.75,,4.75,4.75,4.75,,0,0,4.75,,,,,,,,,0.001,0.001,4.75,,,4.75,,4.75,4.75,4.75,,,,,,,,,,,,,0.002,0.002,12-02-2024 13.45,,,,,,,,
RP 112924 2,Results,11/29/2024,11/29/2024,12-02-2024,Repo,Multiple Price,Same Day,3,Overnight,1.30 PM,1.45 PM,,500,,,0.001,0.001,4.75,,,4.75,,4.75,4.75,4.75,,0,0,4.75,,,,,,,,,0,0,4.75,,,,,,,,,,,,,,,,,,,,0.001,0.001,11/29/2024 13:45:45,,,,,,,,
RP 112724 2,Results,11/27/2024,11/27/2024,11/29/2024,Repo,Multiple Price,Same Day,2,Overnight,1.30 PM,1.45 PM,,500,,,0,0,4.75,,,,,,,,,0,0,4.75,,,,,,,,,0,0,4.75,,,,,,,,,,,,,,,,,,,,0,0,11/27/2024 13:45:44,,,,,,,,
RP 112624 2,Results,11/26/2024,11/26/2024,11/27/2024,Repo,Multiple Price,Same Day,1,Overnight,1.30 PM,1.45 PM,,500,,,0.005,0.005,4.75,,,4.75,,4.75,4.75,4.75,,0,0,4.75,,,,,,,,,0.001,0.001,4.75,,,4.75,,4.75,4.75,4.75,,,,,,,,,,,,,0.006,0.006,11/26/2024 13:45:55,,,,,,,,
RP 112524 2,Results,11/25/2024,11/25/2024,11/26/2024,Repo,Multiple Price,Same Day,1,Overnight,1.30 PM,1.45 PM,,500,,,0,0,4.75,,,,,,,,,0,0,4.75,,,,,,,,,0,0,4.75,,,,,,,,,,,,,,,,,,,,0,0,11/25/2024 13:45:37,,,,,,,,
RP 112224 2,Results,11/22/2024,11/22/2024,11/25/2024,Repo,Multiple Price,Same Day,3,Overnight,1.30 PM,1.45 PM,,500,,,0,0,4.75,,,,,,,,,0,0,4.75,,,,,,,,,0,0,4.75,,,,,,,,,,,,,,,,,,,,0,0,11/22/2024 13:45:41,,,,,,,,
RP 112124 2,Results,11/21/2024,11/21/2024,11/22/2024,Repo,Multiple Price,Same Day,1,Overnight,1.30 PM,1.45 PM,,500,,,0.002,0.002,4.75,,,4.75,,4.75,4.75,4.75,,0,0,4.75,,,,,,,,,0.001,0.001,4.75,,,4.75,,4.75,4.75,4.75,,,,,,,,,,,,,0.003,0.003,11/21/2024 13:46:03,,,,,,,,
RP 112024 2,Results,11/20/2024,11/20/2024,11/21/2024,Repo,Multiple Price,Same Day,1,Overnight,1.30 PM,1.45 PM,,500,,,0.001,0.001,4.75,,,4.75,,4.75,4.75,4.75,,0,0,4.75,,,,,,,,,0.002,0.002,4.75,,,4.75,,4.75,4.75,4.75,,,,,,,,,,,,,0.003,0.003,11/20/2024 13:46:12,,,,,,,,
RP 111924 2,Results,11/19/2024,11/19/2024,11/20/2024,Repo,Multiple Price,Same Day,1,Overnight,1.30 PM,1.45 PM,,500,,,0.001,0.001,4.75,,,4.75,,4.75,4.75,4.75,,0,0,4.75,,,,,,,,,0,0,4.75,,,,,,,,,,,,,,,,,,,,0.001,0.001,11/19/2024 13:45:51,,,,,,,,
RP 111824 2,Results,11/18/2024,11/18/2024,11/19/2024,Repo,Multiple Price,Same Day,1,Overnight,1.30 PM,1.45 PM,,500,,,0,0,4.75,,,,,,,,,0.001,0.001,4.75,,,4.75,,4.75,4.75,4.75,,0,0,4.75,,,,,,,,,,,,,,,,,,,,0.001,0.001,11/18/2024 13:45:54,,,,,,,,
RP 111524 2,Results,11/15/2024,11/15/2024,11/18/2024,Repo,Multiple Price,Same Day,3,Overnight,1.30 PM,1.45 PM,,500,,,0,0,4.75,,,,,,,,,0,0,4.75,,,,,,,,,0,0,4.75,,,,,,,,,,,,,,,,,,,,0,0,11/15/2024 13:45:48,,,,,,,,
RP 111424 2,Results,11/14/2024,11/14/2024,11/15/2024,Repo,Multiple Price,Same Day,1,Overnight,1.30 PM,1.45 PM,,500,,,0.002,0.002,4.75,,,4.75,,4.75,4.75,4.75,,0.001,0.001,4.75,,,4.75,,4.75,4.75,4.75,,0.002,0.002,4.75,,,4.75,,4.75,4.75,4.75,,,,,,,,,,,,,0.005,0.005,11/14/2024 13:45:58,,,,,,,,
RP 111324 2,Results,11/13/2024,11/13/2024,11/14/2024,Repo,Multiple Price,Same Day,1,Overnight,1.30 PM,1.45 PM,,500,,,0.002,0.002,4.75,,,4.75,,4.75,4.75,4.75,,0.001,0.001,4.75,,,4.75,,4.75,4.75,4.75,,0.002,0.002,4.75,,,4.75,,4.75,4.75,4.75,,,,,,,,,,,,,0.005,0.005,11/13/2024 13:45:59,,,,,,,,
RP 111224 2,Results,11-12-2024,11-12-2024,11/13/2024,Repo,Multiple Price,Same Day,1,Overnight,1.30 PM,1.45 PM,,500,,,0.001,0.001,4.75,,,4.75,,4.75,4.75,4.75,,0,0,4.75,,,,,,,,,0.002,0.002,4.75,,,4.75,,4.75,4.75,4.75,,,,,,,,,,,,,0.003,0.003,11-12-2024 13.46,,,,,,,,
RP 110824 2,Results,11-08-2024,11-08-2024,11-12-2024,Repo,Multiple Price,Same Day,4,Overnight,1.30 PM,1.45 PM,,500,,,0,0,4.75,,,,,,,,,0,0,4.75,,,,,,,,,0,0,4.75,,,,,,,,,,,,,,,,,,,,0,0,11-08-2024 13.45,,,,,,,,
RP 110724 2,Results,11-07-2024,11-07-2024,11-08-2024,Repo,Multiple Price,Same Day,1,Overnight,1.30 PM,1.45 PM,,500,,,0,0,5,,,,,,,,,0,0,5,,,,,,,,,0,0,5,,,,,,,,,,,,,,,,,,,,0,0,11-07-2024 13.45,,,,,,,,
RP 110624 2,Results,11-06-2024,11-06-2024,11-07-2024,Repo,Multiple Price,Same Day,1,Overnight,1.30 PM,1.45 PM,,500,,,0.101,0.101,5,,,5,,5,5,5,,0,0,5,,,,,,,,,0,0,5,,,,,,,,,,,,,,,,,,,,0.101,0.101,11-06-2024 13.45,,,,,,,,
RP 110524 2,Results,11-05-2024,11-05-2024,11-06-2024,Repo,Multiple Price,Same Day,1,Overnight,1.30 PM,1.45 PM,,500,,,0.003,0.003,5,,,5,,5,5,5,,0.001,0.001,5,,,5,,5,5,5,,0.001,0.001,5,,,5,,5,5,5,,,,,,,,,,,,,0.005,0.005,11-05-2024 13.46,,,,,,,,
RP 110424 2,Results,11-04-2024,11-04-2024,11-05-2024,Repo,Multiple Price,Same Day,1,Overnight,1.30 PM,1.45 PM,,500,,,0.001,0.001,5,,,5,,5,5,5,,0.001,0.001,5,,,5,,5,5,5,,0.001,0.001,5,,,5,,5,5,5,,,,,,,,,,,,,0.003,0.003,11-04-2024 13.46,,,,,,,,
RP 110124 2,Results,11-01-2024,11-01-2024,11-04-2024,Repo,Multiple Price,Same Day,3,Overnight,1.30 PM,1.45 PM,,500,,,0.001,0.001,5,,,5,,5,5,5,,0,0,5,,,,,,,,,0,0,5,,,,,,,,,,,,,,,,,,,,0.001,0.001,11-01-2024 13.46,,,,,,,,
RP 103124 2,Results,10/31/2024,10/31/2024,11-01-2024,Repo,Multiple Price,Same Day,1,Overnight,1.30 PM,1.45 PM,,500,,,0,0,5,,,,,,,,,0,0,5,,,,,,,,,0,0,5,,,,,,,,,,,,,,,,,,,,0,0,10/31/2024 13:46:05,,,,,,,,
RP 103024 2,Results,10/30/2024,10/30/2024,10/31/2024,Repo,Multiple Price,Same Day,1,Overnight,1.30 PM,1.45 PM,,500,,,0.011,0.011,5,,,5,,5,5,5,,0.01,0.01,5,,,5,,5,5,5,,0.01,0.01,5,,,5,,5,5,5,,,,,,,,,,,,,0.031,0.031,10/30/2024 13:46:15,,,,,,,,
RP 102924 2,Results,10/29/2024,10/29/2024,10/30/2024,Repo,Multiple Price,Same Day,1,Overnight,1.30 PM,1.45 PM,,500,,,0.005,0.005,5,,,5,,5,5,5,,0,0,5,,,,,,,,,0,0,5,,,,,,,,,,,,,,,,,,,,0.005,0.005,10/29/2024 13:46:26,,,,,,,,
RP 102824 2,Results,10/28/2024,10/28/2024,10/29/2024,Repo,Multiple Price,Same Day,1,Overnight,1.30 PM,1.45 PM,,500,,,0.01,0.01,5,,,5,,5,5,5,,0,0,5,,,,,,,,,0.01,0.01,5,,,5,,5,5,5,,,,,,,,,,,,,0.02,0.02,10/28/2024 13:46:13,,,,,,,,
RP 102524 2,Results,10/25/2024,10/25/2024,10/28/2024,Repo,Multiple Price,Same Day,3,Overnight,1.30 PM,1.45 PM,,500,,,0.001,0.001,5,,,5,,5,5,5,,0,0,5,,,,,,,,,0,0,5,,,,,,,,,,,,,,,,,,,,0.001,0.001,10/25/2024 13:45:41,,,,,,,,
RP 102424 2,Results,10/24/2024,10/24/2024,10/25/2024,Repo,Multiple Price,Same Day,1,Overnight,1.30 PM,1.45 PM,,500,,,0.001,0.001,5,,,5,,5,5,5,,0,0,5,,,,,,,,,0.001,0.001,5,,,5,,5,5,5,,,,,,,,,,,,,0.002,0.002,10/24/2024 13:46:05,,,,,,,,
RP 102324 2,Results,10/23/2024,10/23/2024,10/24/2024,Repo,Multiple Price,Same Day,1,Overnight,1.30 PM,1.45 PM,,500,,,0,0,5,,,,,,,,,0,0,5,,,,,,,,,0,0,5,,,,,,,,,,,,,,,,,,,,0,0,10/23/2024 13:45:46,,,,,,,,
RP 102224 2,Results,10/22/2024,10/22/2024,10/23/2024,Repo,Multiple Price,Same Day,1,Overnight,1.30 PM,1.45 PM,,500,,,0.001,0.001,5,,,5,,5,5,5,,0,0,5,,,,,,,,,0,0,5,,,,,,,,,,,,,,,,,,,,0.001,0.001,10/22/2024 13:45:43,,,,,,,,
RP 102124 3,Results,10/21/2024,10/21/2024,10/22/2024,Repo,Multiple Price,Same Day,1,Overnight,1.30 PM,1.45 PM,,500,,,0,0,5,,,,,,,,,0,0,5,,,,,,,,,0,0,5,,,,,,,,,,,,,,,,,,,,0,0,10/21/2024 13:45:35,,,,,,,,
RP 101824 2,Results,10/18/2024,10/18/2024,10/21/2024,Repo,Multiple Price,Same Day,3,Overnight,1.30 PM,1.45 PM,,500,,,0,0,5,,,,,,,,,0,0,5,,,,,,,,,0,0,5,,,,,,,,,,,,,,,,,,,,0,0,10/18/2024 13:45:54,,,,,,,,
RP 101724 2,Results,10/17/2024,10/17/2024,10/18/2024,Repo,Multiple Price,Same Day,1,Overnight,1.30 PM,1.45 PM,,500,,,0.01,0.01,5,,,5,,5,5,5,,0,0,5,,,,,,,,,0.01,0.01,5,,,5,,5,5,5,,,,,,,,,,,,,0.02,0.02,10/17/2024 13:46:18,,,,,,,,
RP 101624 3,Results,10/16/2024,10/16/2024,10/17/2024,Repo,Multiple Price,Same Day,1,Overnight,1.30 PM,1.45 PM,,500,,,0.001,0.001,5,,,5,,5,5,5,,0,0,5,,,,,,,,,0,0,5,,,,,,,,,,,,,,,,,,,,0.001,0.001,10/16/2024 13:45:58,,,,,,,,
RP 101524 2,Results,10/15/2024,10/15/2024,10/16/2024,Repo,Multiple Price,Same Day,1,Overnight,1.30 PM,1.45 PM,,500,,,0.001,0.001,5,,,5,,5,5,5,,0,0,5,,,,,,,,,0.001,0.001,5,,,5,,5,5,5,,,,,,,,,,,,,0.002,0.002,10/15/2024 13:47:03,,,,,,,,
RP 101124 2,Results,10-11-2024,10-11-2024,10/15/2024,Repo,Multiple Price,Same Day,4,Overnight,1.30 PM,1.45 PM,,500,,,0,0,5,,,,,,,,,0,0,5,,,,,,,,,0,0,5,,,,,,,,,,,,,,,,,,,,0,0,10-11-2024 13.45,,,,,,,,
RP 101024 2,Results,10-10-2024,10-10-2024,10-11-2024,Repo,Multiple Price,Same Day,1,Overnight,1.30 PM,1.45 PM,,500,,,0,0,5,,,,,,,,,0,0,5,,,,,,,,,0,0,5,,,,,,,,,,,,,,,,,,,,0,0,10-10-2024 13.45,,,,,,,,
RP 100924 2,Results,10-09-2024,10-09-2024,10-10-2024,Repo,Multiple Price,Same Day,1,Overnight,1.30 PM,1.45 PM,,500,,,0.001,0.001,5,,,5,,5,5,5,,0,0,5,,,,,,,,,0,0,5,,,,,,,,,,,,,,,,,,,,0.001,0.001,10-09-2024 13.46,,,,,,,,
RP 100824 2,Results,10-08-2024,10-08-2024,10-09-2024,Repo,Multiple Price,Same Day,1,Overnight,1.30 PM,1.45 PM,,500,,,0,0,5,,,,,,,,,0,0,5,,,,,,,,,0,0,5,,,,,,,,,,,,,,,,,,,,0,0,10-08-2024 13.45,,,,,,,,
RP 100724 2,Results,10-07-2024,10-07-2024,10-08-2024,Repo,Multiple Price,Same Day,1,Overnight,1.30 PM,1.45 PM,,500,,,0,0,5,,,,,,,,,0,0,5,,,,,,,,,0,0,5,,,,,,,,,,,,,,,,,,,,0,0,10-07-2024 13.45,,,,,,,,
RP 100424 2,Results,10-04-2024,10-04-2024,10-07-2024,Repo,Multiple Price,Same Day,3,Overnight,1.30 PM,1.45 PM,,500,,,0,0,5,,,,,,,,,0,0,5,,,,,,,,,0,0,5,,,,,,,,,,,,,,,,,,,,0,0,10-04-2024 13.45,,,,,,,,
RP 100324 2,Results,10-03-2024,10-03-2024,10-04-2024,Repo,Multiple Price,Same Day,1,Overnight,1.30 PM,1.45 PM,,500,,,0.102,0.102,5,,,5,,5,5,5,,0,0,5,,,,,,,,,0,0,5,,,,,,,,,,,,,,,,,,,,0.102,0.102,10-03-2024 13.46,,,,,,,,
RP 100224 2,Results,10-02-2024,10-02-2024,10-03-2024,Repo,Multiple Price,Same Day,1,Overnight,1.30 PM,1.45 PM,,500,,,0.002,0.002,5,,,5,,5,5,5,,0,0,5,,,,,,,,,0,0,5,,,,,,,,,,,,,,,,,,,,0.002,0.002,10-02-2024 13.45,,,,,,,,
RP 100124 2,Results,10-01-2024,10-01-2024,10-02-2024,Repo,Multiple Price,Same Day,1,Overnight,1.30 PM,1.45 PM,,500,,,0,0,5,,,,,,,,,0,0,5,,,,,,,,,0,0,5,,,,,,,,,,,,,,,,,,,,0,0,10-01-2024 13.45,,,,,,,,
RP 093024 2,Results,09/30/2024,09/30/2024,10-01-2024,Repo,Multiple Price,Same Day,1,Overnight,1.30 PM,1.45 PM,,500,,,2.35,2.35,5,,,5,,5.007,5.01,5,,0,0,5,,,,,,,,,0.25,0.25,5,,,5,,5,5,5,,,,,,,,,,,,,2.6,2.6,09/30/2024 13:46:02,,,,,,,,
RP 092724 2,Results,09/27/2024,09/27/2024,09/30/2024,Repo,Multiple Price,Same Day,3,Overnight,1.30 PM,1.45 PM,,500,,,0,0,5,,,,,,,,,0,0,5,,,,,,,,,0,0,5,,,,,,,,,,,,,,,,,,,,0,0,09/27/2024 13:45:48,,,,,,,,
RP 092624 2,Results,09/26/2024,09/26/2024,09/27/2024,Repo,Multiple Price,Same Day,1,Overnight,1.30 PM,1.45 PM,,500,,,0,0,5,,,,,,,,,0,0,5,,,,,,,,,0.001,0.001,5,,,5,,5,5,5,,,,,,,,,,,,,0.001,0.001,09/26/2024 13:45:55,,,,,,,,
RP 092524 2,Results,09/25/2024,09/25/2024,09/26/2024,Repo,Multiple Price,Same Day,1,Overnight,1.30 PM,1.45 PM,,500,,,0.002,0.002,5,,,5,,5,5,5,,0,0,5,,,,,,,,,0.002,0.002,5,,,5,,5,5,5,,,,,,,,,,,,,0.004,0.004,09/25/2024 13:46:21,,,,,,,,
RP 092424 1,Results,09/24/2024,09/24/2024,09/27/2024,Repo,Multiple Price,Same Day,3,Term,10.30 AM,10.45 AM,,0.075,,,0.022,0.022,5,,,5,,5,5,5,,0.016,0.016,5,,,5,,5,5,5,,0.019,0.019,5,,,5,,5,5,5,,,,,,,,,,,,,0.057,0.057,09/24/2024 10:46:08,,,,,,,,
RP 092424 3,Results,09/24/2024,09/24/2024,09/25/2024,Repo,Multiple Price,Same Day,1,Overnight,1.30 PM,1.45 PM,,500,,,0.002,0.002,5,,,5,,5,5,5,,0,0,5,,,,,,,,,0,0,5,,,,,,,,,,,,,,,,,,,,0.002,0.002,09/24/2024 13:46:09,,,,,,,,
RP 092324 2,Results,09/23/2024,09/23/2024,09/24/2024,Repo,Multiple Price,Same Day,1,Overnight,1.30 PM,1.45 PM,,500,,,0.005,0.005,5,,,5,,5,5,5,,0.005,0.005,5,,,5,,5,5,5,,0.005,0.005,5,,,5,,5,5,5,,,,,,,,,,,,,0.015,0.015,09/23/2024 13:45:58,,,,,,,,
RP 092024 2,Results,09/20/2024,09/20/2024,09/23/2024,Repo,Multiple Price,Same Day,3,Overnight,1.30 PM,1.45 PM,,500,,,0,0,5,,,,,,,,,0,0,5,,,,,,,,,0,0,5,,,,,,,,,,,,,,,,,,,,0,0,09/20/2024 13:45:54,,,,,,,,
RP 091924 2,Results,09/19/2024,09/19/2024,09/20/2024,Repo,Multiple Price,Same Day,1,Overnight,1.30 PM,1.45 PM,,500,,,0,0,5,,,,,,,,,0.001,0.001,5,,,5,,5,5,5,,0,0,5,,,,,,,,,,,,,,,,,,,,0.001,0.001,09/19/2024 13:46:39,,,,,,,,
RP 091824 2,Results,09/18/2024,09/18/2024,09/19/2024,Repo,Multiple Price,Same Day,1,Overnight,1.30 PM,1.45 PM,,500,,,0,0,5.5,,,,,,,,,0,0,5.5,,,,,,,,,0,0,5.5,,,,,,,,,,,,,,,,,,,,0,0,09/18/2024 13:45:57,,,,,,,,
RP 091724 2,Results,09/17/2024,09/17/2024,09/18/2024,Repo,Multiple Price,Same Day,1,Overnight,1.30 PM,1.45 PM,,500,,,0.002,0.002,5.5,,,5.5,,5.5,5.5,5.5,,0,0,5.5,,,,,,,,,0.002,0.002,5.5,,,5.5,,5.5,5.5,5.5,,,,,,,,,,,,,0.004,0.004,09/17/2024 13:46:07,,,,,,,,
RP 091624 2,Results,09/16/2024,09/16/2024,09/17/2024,Repo,Multiple Price,Same Day,1,Overnight,1.30 PM,1.45 PM,,500,,,0.01,0.01,5.5,,,5.5,,5.5,5.5,5.5,,0,0,5.5,,,,,,,,,0.01,0.01,5.5,,,5.5,,5.5,5.5,5.5,,,,,,,,,,,,,0.02,0.02,09/16/2024 13:45:46,,,,,,,,
RP 091324 2,Results,09/13/2024,09/13/2024,09/16/2024,Repo,Multiple Price,Same Day,3,Overnight,1.30 PM,1.45 PM,,500,,,0.001,0.001,5.5,,,5.5,,5.5,5.5,5.5,,0,0,5.5,,,,,,,,,0,0,5.5,,,,,,,,,,,,,,,,,,,,0.001,0.001,09/13/2024 13:45:39,,,,,,,,
RP 091224 2,Results,09-12-2024,09-12-2024,09/13/2024,Repo,Multiple Price,Same Day,1,Overnight,1.30 PM,1.45 PM,,500,,,0.001,0.001,5.5,,,5.5,,5.5,5.5,5.5,,0.001,0.001,5.5,,,5.5,,5.5,5.5,5.5,,0.002,0.002,5.5,,,5.5,,5.5,5.5,5.5,,,,,,,,,,,,,0.004,0.004,09-12-2024 13.45,,,,,,,,
RP 091124 2,Results,09-11-2024,09-11-2024,09-12-2024,Repo,Multiple Price,Same Day,1,Overnight,1.30 PM,1.45 PM,,500,,,0.002,0.002,5.5,,,5.5,,5.5,5.5,5.5,,0.001,0.001,5.5,,,5.5,,5.5,5.5,5.5,,0.001,0.001,5.5,,,5.5,,5.5,5.5,5.5,,,,,,,,,,,,,0.004,0.004,09-11-2024 13.45,,,,,,,,
RP 091024 2,Results,09-10-2024,09-10-2024,09-11-2024,Repo,Multiple Price,Same Day,1,Overnight,1.30 PM,1.45 PM,,500,,,0.102,0.102,5.5,,,5.5,,5.5,5.5,5.5,,0,0,5.5,,,,,,,,,0.001,0.001,5.5,,,5.5,,5.5,5.5,5.5,,,,,,,,,,,,,0.103,0.103,09-10-2024 13.45,,,,,,,,
RP 090924 2,Results,09-09-2024,09-09-2024,09-10-2024,Repo,Multiple Price,Same Day,1,Overnight,1.30 PM,1.45 PM,,500,,,0.001,0.001,5.5,,,5.5,,5.5,5.5,5.5,,0,0,5.5,,,,,,,,,0,0,5.5,,,,,,,,,,,,,,,,,,,,0.001,0.001,09-09-2024 13.45,,,,,,,,
RP 090624 2,Results,09-06-2024,09-06-2024,09-09-2024,Repo,Multiple Price,Same Day,3,Overnight,1.30 PM,1.45 PM,,500,,,0,0,5.5,,,,,,,,,0,0,5.5,,,,,,,,,0,0,5.5,,,,,,,,,,,,,,,,,,,,0,0,09-06-2024 13.45,,,,,,,,
RP 090524 2,Results,09-05-2024,09-05-2024,09-06-2024,Repo,Multiple Price,Same Day,1,Overnight,1.30 PM,1.45 PM,,500,,,0,0,5.5,,,,,,,,,0,0,5.5,,,,,,,,,0,0,5.5,,,,,,,,,,,,,,,,,,,,0,0,09-05-2024 13.45,,,,,,,,
RP 090424 2,Results,09-04-2024,09-04-2024,09-05-2024,Repo,Multiple Price,Same Day,1,Overnight,1.30 PM,1.45 PM,,500,,,0,0,5.5,,,,,,,,,0,0,5.5,,,,,,,,,0,0,5.5,,,,,,,,,,,,,,,,,,,,0,0,09-04-2024 13.45,,,,,,,,
RP 090324 2,Results,09-03-2024,09-03-2024,09-04-2024,Repo,Multiple Price,Same Day,1,Overnight,1.30 PM,1.45 PM,,500,,,0.001,0.001,5.5,,,5.5,,5.5,5.5,5.5,,0.001,0.001,5.5,,,5.5,,5.5,5.5,5.5,,0.001,0.001,5.5,,,5.5,,5.5,5.5,5.5,,,,,,,,,,,,,0.003,0.003,09-03-2024 13.45,,,,,,,,
RP 083024 2,Results,08/30/2024,08/30/2024,09-03-2024,Repo,Multiple Price,Same Day,4,Overnight,1.30 PM,1.45 PM,,500,,,0,0,5.5,,,,,,,,,0,0,5.5,,,,,,,,,0,0,5.5,,,,,,,,,,,,,,,,,,,,0,0,08/30/2024 13:45:55,,,,,,,,
RP 082924 2,Results,08/29/2024,08/29/2024,08/30/2024,Repo,Multiple Price,Same Day,1,Overnight,1.30 PM,1.45 PM,,500,,,0,0,5.5,,,,,,,,,0,0,5.5,,,,,,,,,0,0,5.5,,,,,,,,,,,,,,,,,,,,0,0,08/29/2024 13:45:55,,,,,,,,
RP 082824 2,Results,08/28/2024,08/28/2024,08/29/2024,Repo,Multiple Price,Same Day,1,Overnight,1.30 PM,1.45 PM,,500,,,0,0,5.5,,,,,,,,,0,0,5.5,,,,,,,,,0,0,5.5,,,,,,,,,,,,,,,,,,,,0,0,08/28/2024 13:45:43,,,,,,,,
RP 082724 2,Results,08/27/2024,08/27/2024,08/28/2024,Repo,Multiple Price,Same Day,1,Overnight,1.30 PM,1.45 PM,,500,,,0.002,0.002,5.5,,,5.5,,5.5,5.5,5.5,,0,0,5.5,,,,,,,,,0,0,5.5,,,,,,,,,,,,,,,,,,,,0.002,0.002,08/27/2024 13:45:52,,,,,,,,
RP 082624 2,Results,08/26/2024,08/26/2024,08/27/2024,Repo,Multiple Price,Same Day,1,Overnight,1.30 PM,1.45 PM,,500,,,0,0,5.5,,,,,,,,,0,0,5.5,,,,,,,,,0,0,5.5,,,,,,,,,,,,,,,,,,,,0,0,08/26/2024 13:45:56,,,,,,,,
RP 082324 2,Results,08/23/2024,08/23/2024,08/26/2024,Repo,Multiple Price,Same Day,3,Overnight,1.30 PM,1.45 PM,,500,,,0,0,5.5,,,,,,,,,0,0,5.5,,,,,,,,,0,0,5.5,,,,,,,,,,,,,,,,,,,,0,0,08/23/2024 13:45:49,,,,,,,,
RP 082224 2,Results,08/22/2024,08/22/2024,08/23/2024,Repo,Multiple Price,Same Day,1,Overnight,1.30 PM,1.45 PM,,500,,,0,0,5.5,,,,,,,,,0,0,5.5,,,,,,,,,0,0,5.5,,,,,,,,,,,,,,,,,,,,0,0,08/22/2024 13:45:52,,,,,,,,
RP 082124 2,Results,08/21/2024,08/21/2024,08/22/2024,Repo,Multiple Price,Same Day,1,Overnight,1.30 PM,1.45 PM,,500,,,0,0,5.5,,,,,,,,,0,0,5.5,,,,,,,,,0,0,5.5,,,,,,,,,,,,,,,,,,,,0,0,08/21/2024 13:45:40,,,,,,,,
RP 082024 2,Results,08/20/2024,08/20/2024,08/21/2024,Repo,Multiple Price,Same Day,1,Overnight,1.30 PM,1.45 PM,,500,,,0.001,0.001,5.5,,,5.5,,5.5,5.5,5.5,,0,0,5.5,,,,,,,,,0,0,5.5,,,,,,,,,,,,,,,,,,,,0.001,0.001,08/20/2024 13:45:59,,,,,,,,
RP 081924 2,Results,08/19/2024,08/19/2024,08/20/2024,Repo,Multiple Price,Same Day,1,Overnight,1.30 PM,1.45 PM,,500,,,0,0,5.5,,,,,,,,,0,0,5.5,,,,,,,,,0,0,5.5,,,,,,,,,,,,,,,,,,,,0,0,08/19/2024 13:45:42,,,,,,,,
RP 081624 2,Results,08/16/2024,08/16/2024,08/19/2024,Repo,Multiple Price,Same Day,3,Overnight,1.30 PM,1.45 PM,,500,,,0,0,5.5,,,,,,,,,0,0,5.5,,,,,,,,,0,0,5.5,,,,,,,,,,,,,,,,,,,,0,0,08/16/2024 13:45:38,,,,,,,,
RP 081524 2,Results,08/15/2024,08/15/2024,08/16/2024,Repo,Multiple Price,Same Day,1,Overnight,1.30 PM,1.45 PM,,500,,,0,0,5.5,,,,,,,,,0,0,5.5,,,,,,,,,0,0,5.5,,,,,,,,,,,,,,,,,,,,0,0,08/15/2024 13:45:41,,,,,,,,
RP 081424 2,Results,08/14/2024,08/14/2024,08/15/2024,Repo,Multiple Price,Same Day,1,Overnight,1.30 PM,1.45 PM,,500,,,0,0,5.5,,,,,,,,,0,0,5.5,,,,,,,,,0,0,5.5,,,,,,,,,,,,,,,,,,,,0,0,08/14/2024 13:45:34,,,,,,,,
RP 081324 2,Results,08/13/2024,08/13/2024,08/14/2024,Repo,Multiple Price,Same Day,1,Overnight,1.30 PM,1.45 PM,,500,,,0.001,0.001,5.5,,,5.5,,5.5,5.5,5.5,,0,0,5.5,,,,,,,,,0,0,5.5,,,,,,,,,,,,,,,,,,,,0.001,0.001,08/13/2024 13:45:38,,,,,,,,
RP 081224 2,Results,08-12-2024,08-12-2024,08/13/2024,Repo,Multiple Price,Same Day,1,Overnight,1.30 PM,1.45 PM,,500,,,0,0,5.5,,,,,,,,,0,0,5.5,,,,,,,,,0,0,5.5,,,,,,,,,,,,,,,,,,,,0,0,08-12-2024 13.45,,,,,,,,
RP 080924 2,Results,08-09-2024,08-09-2024,08-12-2024,Repo,Multiple Price,Same Day,3,Overnight,1.30 PM,1.45 PM,,500,,,0,0,5.5,,,,,,,,,0,0,5.5,,,,,,,,,0,0,5.5,,,,,,,,,,,,,,,,,,,,0,0,08-09-2024 13.45,,,,,,,,
RP 080824 2,Results,08-08-2024,08-08-2024,08-09-2024,Repo,Multiple Price,Same Day,1,Overnight,1.30 PM,1.45 PM,,500,,,0.101,0.101,5.5,,,5.5,,5.5,5.5,5.5,,0,0,5.5,,,,,,,,,0,0,5.5,,,,,,,,,,,,,,,,,,,,0.101,0.101,08-08-2024 13.45,,,,,,,,
RP 080724 2,Results,08-07-2024,08-07-2024,08-08-2024,Repo,Multiple Price,Same Day,1,Overnight,1.30 PM,1.45 PM,,500,,,0.002,0.002,5.5,,,5.5,,5.5,5.5,5.5,,0.001,0.001,5.5,,,5.5,,5.5,5.5,5.5,,0.002,0.002,5.5,,,5.5,,5.5,5.5,5.5,,,,,,,,,,,,,0.005,0.005,08-07-2024 13.46,,,,,,,,
RP 080624 2,Results,08-06-2024,08-06-2024,08-07-2024,Repo,Multiple Price,Same Day,1,Overnight,1.30 PM,1.45 PM,,500,,,0.001,0.001,5.5,,,5.5,,5.5,5.5,5.5,,0,0,5.5,,,,,,,,,0,0,5.5,,,,,,,,,,,,,,,,,,,,0.001,0.001,08-06-2024 13.45,,,,,,,,
RP 080524 2,Results,08-05-2024,08-05-2024,08-06-2024,Repo,Multiple Price,Same Day,1,Overnight,1.30 PM,1.45 PM,,500,,,0,0,5.5,,,,,,,,,0,0,5.5,,,,,,,,,0,0,5.5,,,,,,,,,,,,,,,,,,,,0,0,08-05-2024 13.46,,,,,,,,
RP 080224 2,Results,08-02-2024,08-02-2024,08-05-2024,Repo,Multiple Price,Same Day,3,Overnight,1.30 PM,1.45 PM,,500,,,0,0,5.5,,,,,,,,,0,0,5.5,,,,,,,,,0,0,5.5,,,,,,,,,,,,,,,,,,,,0,0,08-02-2024 13.45,,,,,,,,
RP 080124 2,Results,08-01-2024,08-01-2024,08-02-2024,Repo,Multiple Price,Same Day,1,Overnight,1.30 PM,1.45 PM,,500,,,0.001,0.001,5.5,,,5.5,,5.5,5.5,5.5,,0,0,5.5,,,,,,,,,0.002,0.002,5.5,,,5.5,,5.5,5.5,5.5,,,,,,,,,,,,,0.003,0.003,08-01-2024 13.45,,,,,,,,
RP 073124 2,Results,07/31/2024,07/31/2024,08-01-2024,Repo,Multiple Price,Same Day,1,Overnight,1.30 PM,1.45 PM,,500,,,0.005,0.005,5.5,,,5.5,,5.5,5.5,5.5,,0,0,5.5,,,,,,,,,0,0,5.5,,,,,,,,,,,,,,,,,,,,0.005,0.005,07/31/2024 13:45:42,,,,,,,,
RP 073024 2,Results,07/30/2024,07/30/2024,07/31/2024,Repo,Multiple Price,Same Day,1,Overnight,1.30 PM,1.45 PM,,500,,,0,0,5.5,,,,,,,,,0,0,5.5,,,,,,,,,0,0,5.5,,,,,,,,,,,,,,,,,,,,0,0,07/30/2024 13:45:37,,,,,,,,
RP 072924 2,Results,07/29/2024,07/29/2024,07/30/2024,Repo,Multiple Price,Same Day,1,Overnight,1.30 PM,1.45 PM,,500,,,0,0,5.5,,,,,,,,,0,0,5.5,,,,,,,,,0,0,5.5,,,,,,,,,,,,,,,,,,,,0,0,07/29/2024 13:46:01,,,,,,,,
RP 072624 2,Results,07/26/2024,07/26/2024,07/29/2024,Repo,Multiple Price,Same Day,3,Overnight,1.30 PM,1.45 PM,,500,,,0,0,5.5,,,,,,,,,0,0,5.5,,,,,,,,,0,0,5.5,,,,,,,,,,,,,,,,,,,,0,0,07/26/2024 13:45:41,,,,,,,,
RP 072524 2,Results,07/25/2024,07/25/2024,07/26/2024,Repo,Multiple Price,Same Day,1,Overnight,1.30 PM,1.45 PM,,500,,,0.001,0.001,5.5,,,5.5,,5.5,5.5,5.5,,0,0,5.5,,,,,,,,,0.001,0.001,5.5,,,5.5,,5.5,5.5,5.5,,,,,,,,,,,,,0.002,0.002,07/25/2024 13:46:27,,,,,,,,
RP 072424 2,Results,07/24/2024,07/24/2024,07/25/2024,Repo,Multiple Price,Same Day,1,Overnight,1.30 PM,1.45 PM,,500,,,0,0,5.5,,,,,,,,,0,0,5.5,,,,,,,,,0,0,5.5,,,,,,,,,,,,,,,,,,,,0,0,07/24/2024 13:45:38,,,,,,,,
RP 072324 2,Results,07/23/2024,07/23/2024,07/24/2024,Repo,Multiple Price,Same Day,1,Overnight,1.30 PM,1.45 PM,,500,,,0.001,0.001,5.5,,,5.5,,5.5,5.5,5.5,,0.001,0.001,5.5,,,5.5,,5.5,5.5,5.5,,0.002,0.002,5.5,,,5.5,,5.5,5.5,5.5,,,,,,,,,,,,,0.004,0.004,07/23/2024 13:45:37,,,,,,,,
RP 072224 2,Results,07/22/2024,07/22/2024,07/23/2024,Repo,Multiple Price,Same Day,1,Overnight,1.30 PM,1.45 PM,,500,,,0,0,5.5,,,,,,,,,0,0,5.5,,,,,,,,,0,0,5.5,,,,,,,,,,,,,,,,,,,,0,0,07/22/2024 13:45:31,,,,,,,,
RP 071924 2,Results,07/19/2024,07/19/2024,07/22/2024,Repo,Multiple Price,Same Day,3,Overnight,1.30 PM,1.45 PM,,500,,,0,0,5.5,,,,,,,,,0,0,5.5,,,,,,,,,0,0,5.5,,,,,,,,,,,,,,,,,,,,0,0,07/19/2024 13:45:59,,,,,,,,
RP 071824 2,Results,07/18/2024,07/18/2024,07/19/2024,Repo,Multiple Price,Same Day,1,Overnight,1.30 PM,1.45 PM,,500,,,0,0,5.5,,,,,,,,,0,0,5.5,,,,,,,,,0.001,0.001,5.5,,,5.5,,5.5,5.5,5.5,,,,,,,,,,,,,0.001,0.001,07/18/2024 13:45:59,,,,,,,,
RP 071724 2,Results,07/17/2024,07/17/2024,07/18/2024,Repo,Multiple Price,Same Day,1,Overnight,1.30 PM,1.45 PM,,500,,,0,0,5.5,,,,,,,,,0,0,5.5,,,,,,,,,0,0,5.5,,,,,,,,,,,,,,,,,,,,0,0,07/17/2024 13:45:43,,,,,,,,
RP 071624 2,Results,07/16/2024,07/16/2024,07/17/2024,Repo,Multiple Price,Same Day,1,Overnight,1.30 PM,1.45 PM,,500,,,0,0,5.5,,,,,,,,,0,0,5.5,,,,,,,,,0,0,5.5,,,,,,,,,,,,,,,,,,,,0,0,07/16/2024 13:45:48,,,,,,,,
RP 071524 2,Results,07/15/2024,07/15/2024,07/16/2024,Repo,Multiple Price,Same Day,1,Overnight,1.30 PM,1.45 PM,,500,,,0.002,0.002,5.5,,,5.5,,5.5,5.5,5.5,,0,0,5.5,,,,,,,,,0,0,5.5,,,,,,,,,,,,,,,,,,,,0.002,0.002,07/15/2024 13:46:04,,,,,,,,
RP 071224 2,Results,07-12-2024,07-12-2024,07/15/2024,Repo,Multiple Price,Same Day,3,Overnight,1.30 PM,1.45 PM,,500,,,0,0,5.5,,,,,,,,,0,0,5.5,,,,,,,,,0,0,5.5,,,,,,,,,,,,,,,,,,,,0,0,07-12-2024 13.45,,,,,,,,
RP 071124 2,Results,07-11-2024,07-11-2024,07-12-2024,Repo,Multiple Price,Same Day,1,Overnight,1.30 PM,1.45 PM,,500,,,0.102,0.102,5.5,,,5.5,,5.5,5.5,5.5,,0,0,5.5,,,,,,,,,0,0,5.5,,,,,,,,,,,,,,,,,,,,0.102,0.102,07-11-2024 13.45,,,,,,,,
RP 071024 2,Results,07-10-2024,07-10-2024,07-11-2024,Repo,Multiple Price,Same Day,1,Overnight,1.30 PM,1.45 PM,,500,,,0,0,5.5,,,,,,,,,0,0,5.5,,,,,,,,,0,0,5.5,,,,,,,,,,,,,,,,,,,,0,0,07-10-2024 13.45,,,,,,,,
RP 070924 2,Results,07-09-2024,07-09-2024,07-10-2024,Repo,Multiple Price,Same Day,1,Overnight,1.30 PM,1.45 PM,,500,,,0.097,0.097,5.5,,,5.5,,5.5,5.5,5.5,,0,0,5.5,,,,,,,,,0,0,5.5,,,,,,,,,,,,,,,,,,,,0.097,0.097,07-09-2024 13.46,,,,,,,,
RP 070824 2,Results,07-08-2024,07-08-2024,07-09-2024,Repo,Multiple Price,Same Day,1,Overnight,1.30 PM,1.45 PM,,500,,,0,0,5.5,,,,,,,,,0,0,5.5,,,,,,,,,0,0,5.5,,,,,,,,,,,,,,,,,,,,0,0,07-08-2024 13.46,,,,,,,,
RP 070524 2,Results,07-05-2024,07-05-2024,07-08-2024,Repo,Multiple Price,Same Day,3,Overnight,1.29 PM,1.45 PM,,500,,,0,0,5.5,,,,,,,,,0,0,5.5,,,,,,,,,0,0,5.5,,,,,,,,,,,,,,,,,,,,0,0,07-05-2024 13.46,,,,,,,,
RP 070324 2,Results,07-03-2024,07-03-2024,07-05-2024,Repo,Multiple Price,Same Day,2,Overnight,1.30 PM,1.45 PM,,500,,,0,0,5.5,,,,,,,,,0,0,5.5,,,,,,,,,0,0,5.5,,,,,,,,,,,,,,,,,,,,0,0,07-03-2024 13.45,,,,,,,,
RP 070224 2,Results,07-02-2024,07-02-2024,07-03-2024,Repo,Multiple Price,Same Day,1,Overnight,1.30 PM,1.45 PM,,500,,,0.01,0.01,5.5,,,5.5,,5.5,5.5,5.5,,0,0,5.5,,,,,,,,,0,0,5.5,,,,,,,,,,,,,,,,,,,,0.01,0.01,07-02-2024 13.45,,,,,,,,
RP 070124 2,Results,07-01-2024,07-01-2024,07-02-2024,Repo,Multiple Price,Same Day,1,Overnight,1.30 PM,1.45 PM,,500,,,0,0,5.5,,,,,,,,,0,0,5.5,,,,,,,,,0,0,5.5,,,,,,,,,,,,,,,,,,,,0,0,07-01-2024 13.45,,,,,,,,
RP 062824 2,Results,06/28/2024,06/28/2024,07-01-2024,Repo,Multiple Price,Same Day,3,Overnight,1.30 PM,1.45 PM,,500,,,0.001,0.001,5.5,,,5.5,,5.5,5.5,5.5,,0,0,5.5,,,,,,,,,0,0,5.5,,,,,,,,,,,,,,,,,,,,0.001,0.001,06/28/2024 13:45:28,,,,,,,,
RP 062724 2,Results,06/27/2024,06/27/2024,06/28/2024,Repo,Multiple Price,Same Day,1,Overnight,1.30 PM,1.45 PM,,500,,,0,0,5.5,,,,,,,,,0,0,5.5,,,,,,,,,0,0,5.5,,,,,,,,,,,,,,,,,,,,0,0,06/27/2024 13:45:38,,,,,,,,
RP 062624 2,Results,06/26/2024,06/26/2024,06/27/2024,Repo,Multiple Price,Same Day,1,Overnight,1.30 PM,1.45 PM,,500,,,0.001,0.001,5.5,,,5.5,,5.5,5.5,5.5,,0,0,5.5,,,,,,,,,0,0,5.5,,,,,,,,,,,,,,,,,,,,0.001,0.001,06/26/2024 13:45:29,,,,,,,,
RP 062524 2,Results,06/25/2024,06/25/2024,06/26/2024,Repo,Multiple Price,Same Day,1,Overnight,1.30 PM,1.45 PM,,500,,,0,0,5.5,,,,,,,,,0,0,5.5,,,,,,,,,0,0,5.5,,,,,,,,,,,,,,,,,,,,0,0,06/25/2024 13:45:24,,,,,,,,
RP 062424 2,Results,06/24/2024,06/24/2024,06/25/2024,Repo,Multiple Price,Same Day,1,Overnight,1.30 PM,1.45 PM,,500,,,0.016,0.016,5.5,,,5.5,,5.5,5.5,5.5,,0.005,0.005,5.5,,,5.5,,5.5,5.5,5.5,,0.015,0.015,5.5,,,5.5,,5.5,5.5,5.5,,,,,,,,,,,,,0.036,0.036,06/24/2024 13:45:46,,,,,,,,
RP 062124 2,Results,06/21/2024,06/21/2024,06/24/2024,Repo,Multiple Price,Same Day,3,Overnight,1.30 PM,1.45 PM,,500,,,0.001,0.001,5.5,,,5.5,,5.5,5.5,5.5,,0,0,5.5,,,,,,,,,0,0,5.5,,,,,,,,,,,,,,,,,,,,0.001,0.001,06/21/2024 13:45:34,,,,,,,,
RP 062024 2,Results,06/20/2024,06/20/2024,06/21/2024,Repo,Multiple Price,Same Day,1,Overnight,1.30 PM,1.45 PM,,500,,,0.003,0.003,5.5,,,5.5,,5.5,5.5,5.5,,0,0,5.5,,,,,,,,,0,0,5.5,,,,,,,,,,,,,,,,,,,,0.003,0.003,06/20/2024 13:45:45,,,,,,,,
RP 061824 2,Results,06/18/2024,06/18/2024,06/20/2024,Repo,Multiple Price,Same Day,2,Overnight,1.30 PM,1.45 PM,,500,,,0,0,5.5,,,,,,,,,0,0,5.5,,,,,,,,,0,0,5.5,,,,,,,,,,,,,,,,,,,,0,0,06/18/2024 13:45:35,,,,,,,,
RP 061724 3,Results,06/17/2024,06/17/2024,06/18/2024,Repo,Multiple Price,Same Day,1,Overnight,1.30 PM,1.45 PM,,500,,,0,0,5.5,,,,,,,,,0,0,5.5,,,,,,,,,0,0,5.5,,,,,,,,,,,,,,,,,,,,0,0,06/17/2024 13:45:33,,,,,,,,
RP 061424 2,Results,06/14/2024,06/14/2024,06/17/2024,Repo,Multiple Price,Same Day,3,Overnight,1.30 PM,1.45 PM,,500,,,0,0,5.5,,,,,,,,,0,0,5.5,,,,,,,,,0,0,5.5,,,,,,,,,,,,,,,,,,,,0,0,06/14/2024 13:45:58,,,,,,,,
RP 061324 2,Results,06/13/2024,06/13/2024,06/14/2024,Repo,Multiple Price,Same Day,1,Overnight,1.30 PM,1.45 PM,,500,,,0.1,0.1,5.5,,,5.5,,5.5,5.5,5.5,,0,0,5.5,,,,,,,,,0,0,5.5,,,,,,,,,,,,,,,,,,,,0.1,0.1,06/13/2024 13:45:57,,,,,,,,
RP 061224 2,Results,06-12-2024,06-12-2024,06/13/2024,Repo,Multiple Price,Same Day,1,Overnight,1.30 PM,1.45 PM,,500,,,0,0,5.5,,,,,,,,,0,0,5.5,,,,,,,,,0,0,5.5,,,,,,,,,,,,,,,,,,,,0,0,06-12-2024 13.45,,,,,,,,
RP 061124 2,Results,06-11-2024,06-11-2024,06-12-2024,Repo,Multiple Price,Same Day,1,Overnight,1.30 PM,1.45 PM,,500,,,0.001,0.001,5.5,,,5.5,,5.5,5.5,5.5,,0,0,5.5,,,,,,,,,0.001,0.001,5.5,,,5.5,,5.5,5.5,5.5,,,,,,,,,,,,,0.002,0.002,06-11-2024 13.46,,,,,,,,
RP 061024 2,Results,06-10-2024,06-10-2024,06-11-2024,Repo,Multiple Price,Same Day,1,Overnight,1.30 PM,1.45 PM,,500,,,0.001,0.001,5.5,,,5.5,,5.5,5.5,5.5,,0,0,5.5,,,,,,,,,0,0,5.5,,,,,,,,,,,,,,,,,,,,0.001,0.001,06-10-2024 13.46,,,,,,,,
RP 060724 2,Results,06-07-2024,06-07-2024,06-10-2024,Repo,Multiple Price,Same Day,3,Overnight,1.30 PM,1.45 PM,,500,,,0.003,0.003,5.5,,,5.5,,5.5,5.5,5.5,,0,0,5.5,,,,,,,,,0,0,5.5,,,,,,,,,,,,,,,,,,,,0.003,0.003,06-07-2024 13.45,,,,,,,,
RP 060624 2,Results,06-06-2024,06-06-2024,06-07-2024,Repo,Multiple Price,Same Day,1,Overnight,1.30 PM,1.45 PM,,500,,,0.002,0.002,5.5,,,5.5,,5.5,5.5,5.5,,0,0,5.5,,,,,,,,,0,0,5.5,,,,,,,,,,,,,,,,,,,,0.002,0.002,06-06-2024 13.45,,,,,,,,
RP 060524 2,Results,06-05-2024,06-05-2024,06-06-2024,Repo,Multiple Price,Same Day,1,Overnight,1.30 PM,1.45 PM,,500,,,0.104,0.104,5.5,,,5.5,,5.5,5.5,5.5,,0,0,5.5,,,,,,,,,0.002,0.002,5.5,,,5.5,,5.5,5.5,5.5,,,,,,,,,,,,,0.106,0.106,06-05-2024 13.45,,,,,,,,
RP 060424 2,Results,06-04-2024,06-04-2024,06-05-2024,Repo,Multiple Price,Same Day,1,Overnight,1.30 PM,1.45 PM,,500,,,0.002,0.002,5.5,,,5.5,,5.5,5.5,5.5,,0.001,0.001,5.5,,,5.5,,5.5,5.5,5.5,,0.001,0.001,5.5,,,5.5,,5.5,5.5,5.5,,,,,,,,,,,,,0.004,0.004,06-04-2024 13.45,,,,,,,,
RP 060324 2,Results,06-03-2024,06-03-2024,06-04-2024,Repo,Multiple Price,Same Day,1,Overnight,1.30 PM,1.45 PM,,500,,,0,0,5.5,,,,,,,,,0,0,5.5,,,,,,,,,0,0,5.5,,,,,,,,,,,,,,,,,,,,0,0,06-03-2024 13.45,,,,,,,,
RP 053124 2,Results,05/31/2024,05/31/2024,06-03-2024,Repo,Multiple Price,Same Day,3,Overnight,1.30 PM,1.45 PM,,500,,,0,0,5.5,,,,,,,,,0,0,5.5,,,,,,,,,0,0,5.5,,,,,,,,,,,,,,,,,,,,0,0,05/31/2024 13:45:28,,,,,,,,
RP 053024 2,Results,05/30/2024,05/30/2024,05/31/2024,Repo,Multiple Price,Same Day,1,Overnight,1.30 PM,1.45 PM,,500,,,0,0,5.5,,,,,,,,,0,0,5.5,,,,,,,,,0,0,5.5,,,,,,,,,,,,,,,,,,,,0,0,05/30/2024 13:45:40,,,,,,,,
RP 052924 2,Results,05/29/2024,05/29/2024,05/30/2024,Repo,Multiple Price,Same Day,1,Overnight,1.30 PM,1.45 PM,,500,,,0.005,0.005,5.5,,,5.5,,5.5,5.5,5.5,,0,0,5.5,,,,,,,,,0,0,5.5,,,,,,,,,,,,,,,,,,,,0.005,0.005,05/29/2024 13:45:37,,,,,,,,
RP 052824 2,Results,05/28/2024,05/28/2024,05/29/2024,Repo,Multiple Price,Same Day,1,Overnight,1.30 PM,1.45 PM,,500,,,0,0,5.5,,,,,,,,,0,0,5.5,,,,,,,,,0,0,5.5,,,,,,,,,,,,,,,,,,,,0,0,05/28/2024 13:45:34,,,,,,,,
RP 052424 2,Results,05/24/2024,05/24/2024,05/28/2024,Repo,Multiple Price,Same Day,4,Overnight,1.30 PM,1.45 PM,,500,,,0,0,5.5,,,,,,,,,0,0,5.5,,,,,,,,,0,0,5.5,,,,,,,,,,,,,,,,,,,,0,0,05/24/2024 13:46:12,,,,,,,,
RP 052324 2,Results,05/23/2024,05/23/2024,05/24/2024,Repo,Multiple Price,Same Day,1,Overnight,1.30 PM,1.45 PM,,500,,,0,0,5.5,,,,,,,,,0,0,5.5,,,,,,,,,0,0,5.5,,,,,,,,,,,,,,,,,,,,0,0,05/23/2024 13:45:57,,,,,,,,
RP 052224 2,Results,05/22/2024,05/22/2024,05/23/2024,Repo,Multiple Price,Same Day,1,Overnight,1.30 PM,1.45 PM,,500,,,0,0,5.5,,,,,,,,,0,0,5.5,,,,,,,,,0,0,5.5,,,,,,,,,,,,,,,,,,,,0,0,05/22/2024 13:45:52,,,,,,,,
RP 052124 2,Results,05/21/2024,05/21/2024,05/22/2024,Repo,Multiple Price,Same Day,1,Overnight,1.30 PM,1.45 PM,,500,,,0.003,0.003,5.5,,,5.5,,5.5,5.5,5.5,,0,0,5.5,,,,,,,,,0.002,0.002,5.5,,,5.5,,5.5,5.5,5.5,,,,,,,,,,,,,0.005,0.005,05/21/2024 13:46:18,,,,,,,,
RP 052024 2,Results,05/20/2024,05/20/2024,05/21/2024,Repo,Multiple Price,Same Day,1,Overnight,1.30 PM,1.45 PM,,500,,,0.001,0.001,5.5,,,5.5,,5.5,5.5,5.5,,0,0,5.5,,,,,,,,,0.001,0.001,5.5,,,5.5,,5.5,5.5,5.5,,,,,,,,,,,,,0.002,0.002,05/20/2024 13:46:33,,,,,,,,
RP 051724 2,Results,05/17/2024,05/17/2024,05/20/2024,Repo,Multiple Price,Same Day,3,Overnight,1.30 PM,1.45 PM,,500,,,0,0,5.5,,,,,,,,,0,0,5.5,,,,,,,,,0,0,5.5,,,,,,,,,,,,,,,,,,,,0,0,05/17/2024 13:45:38,,,,,,,,
RP 051624 2,Results,05/16/2024,05/16/2024,05/17/2024,Repo,Multiple Price,Same Day,1,Overnight,1.30 PM,1.45 PM,,500,,,0.1,0.1,5.5,,,5.5,,5.5,5.5,5.5,,0,0,5.5,,,,,,,,,0,0,5.5,,,,,,,,,,,,,,,,,,,,0.1,0.1,05/16/2024 13:45:46,,,,,,,,
RP 051524 2,Results,05/15/2024,05/15/2024,05/16/2024,Repo,Multiple Price,Same Day,1,Overnight,1.30 PM,1.45 PM,,500,,,0,0,5.5,,,,,,,,,0,0,5.5,,,,,,,,,0,0,5.5,,,,,,,,,,,,,,,,,,,,0,0,05/15/2024 13:45:41,,,,,,,,
RP 051424 2,Results,05/14/2024,05/14/2024,05/15/2024,Repo,Multiple Price,Same Day,1,Overnight,1.30 PM,1.45 PM,,500,,,0,0,5.5,,,,,,,,,0,0,5.5,,,,,,,,,0,0,5.5,,,,,,,,,,,,,,,,,,,,0,0,05/14/2024 13:45:51,,,,,,,,
RP 051324 2,Results,05/13/2024,05/13/2024,05/14/2024,Repo,Multiple Price,Same Day,1,Overnight,1.30 PM,1.45 PM,,500,,,0.001,0.001,5.5,,,5.5,,5.5,5.5,5.5,,0.001,0.001,5.5,,,5.5,,5.5,5.5,5.5,,0.001,0.001,5.5,,,5.5,,5.5,5.5,5.5,,,,,,,,,,,,,0.003,0.003,05/13/2024 13:45:51,,,,,,,,
RP 051024 2,Results,05-10-2024,05-10-2024,05/13/2024,Repo,Multiple Price,Same Day,3,Overnight,1.30 PM,1.45 PM,,500,,,0,0,5.5,,,,,,,,,0,0,5.5,,,,,,,,,0,0,5.5,,,,,,,,,,,,,,,,,,,,0,0,05-10-2024 13.45,,,,,,,,
RP 050924 99,Results,05-09-2024,05-09-2024,05-10-2024,Repo,Multiple Price,Same Day,1,Overnight,10.00 AM,10.15 AM,This operation is a Small Value Exercise (SVE); the daily Repo operation will still take place at its regularly scheduled time (1:30pm).,0.25,,,0.045,0.045,,,,5.5,,5.5,5.5,5.5,,0.019,0.019,,,,5.5,,5.5,5.5,5.5,,0.03,0.03,,,,5.5,,5.5,5.5,5.5,,,,,,,,,,,,,0.094,0.094,05-09-2024 10.41,,,,,,,,
RP 050924 2,Results,05-09-2024,05-09-2024,05-10-2024,Repo,Multiple Price,Same Day,1,Overnight,1.30 PM,1.45 PM,,500,,,0,0,5.5,,,,,,,,,0,0,5.5,,,,,,,,,0,0,5.5,,,,,,,,,,,,,,,,,,,,0,0,05-09-2024 13.45,,,,,,,,
RP 050824 2,Results,05-08-2024,05-08-2024,05-09-2024,Repo,Multiple Price,Same Day,1,Overnight,1.30 PM,1.45 PM,,500,,,0,0,5.5,,,,,,,,,0,0,5.5,,,,,,,,,0,0,5.5,,,,,,,,,,,,,,,,,,,,0,0,05-08-2024 13.45,,,,,,,,
RP 050724 2,Results,05-07-2024,05-07-2024,05-08-2024,Repo,Multiple Price,Same Day,1,Overnight,1.30 PM,1.45 PM,,500,,,0,0,5.5,,,,,,,,,0,0,5.5,,,,,,,,,0,0,5.5,,,,,,,,,,,,,,,,,,,,0,0,05-07-2024 13.45,,,,,,,,
RP 050624 2,Results,05-06-2024,05-06-2024,05-07-2024,Repo,Multiple Price,Same Day,1,Overnight,1.30 PM,1.45 PM,,500,,,0,0,5.5,,,,,,,,,0,0,5.5,,,,,,,,,0,0,5.5,,,,,,,,,,,,,,,,,,,,0,0,05-06-2024 13.45,,,,,,,,
RP 050324 2,Results,05-03-2024,05-03-2024,05-06-2024,Repo,Multiple Price,Same Day,3,Overnight,1.30 PM,1.45 PM,,500,,,0,0,5.5,,,,,,,,,0,0,5.5,,,,,,,,,0,0,5.5,,,,,,,,,,,,,,,,,,,,0,0,05-03-2024 13.45,,,,,,,,
RP 050224 2,Results,05-02-2024,05-02-2024,05-03-2024,Repo,Multiple Price,Same Day,1,Overnight,1.30 PM,1.45 PM,,500,,,0.001,0.001,5.5,,,5.5,,5.5,5.5,5.5,,0.001,0.001,5.5,,,5.5,,5.5,5.5,5.5,,0.001,0.001,5.5,,,5.5,,5.5,5.5,5.5,,,,,,,,,,,,,0.003,0.003,05-02-2024 13.45,,,,,,,,
RP 050124 2,Results,05-01-2024,05-01-2024,05-02-2024,Repo,Multiple Price,Same Day,1,Overnight,1.30 PM,1.45 PM,,500,,,0,0,5.5,,,,,,,,,0,0,5.5,,,,,,,,,0,0,5.5,,,,,,,,,,,,,,,,,,,,0,0,05-01-2024 13.45,,,,,,,,
RP 043024 2,Results,04/30/2024,04/30/2024,05-01-2024,Repo,Multiple Price,Same Day,1,Overnight,1.29 PM,1.45 PM,,500,,,0.001,0.001,5.5,,,5.5,,5.5,5.5,5.5,,0,0,5.5,,,,,,,,,0,0,5.5,,,,,,,,,,,,,,,,,,,,0.001,0.001,04/30/2024 13:45:29,,,,,,,,
RP 042924 2,Results,04/29/2024,04/29/2024,04/30/2024,Repo,Multiple Price,Same Day,1,Overnight,1.30 PM,1.45 PM,,500,,,0,0,5.5,,,,,,,,,0,0,5.5,,,,,,,,,0,0,5.5,,,,,,,,,,,,,,,,,,,,0,0,04/29/2024 13:45:24,,,,,,,,
RP 042624 2,Results,04/26/2024,04/26/2024,04/29/2024,Repo,Multiple Price,Same Day,3,Overnight,1.30 PM,1.45 PM,,500,,,0,0,5.5,,,,,,,,,0,0,5.5,,,,,,,,,0,0,5.5,,,,,,,,,,,,,,,,,,,,0,0,04/26/2024 13:45:51,,,,,,,,
RP 042524 2,Results,04/25/2024,04/25/2024,04/26/2024,Repo,Multiple Price,Same Day,1,Overnight,1.30 PM,1.45 PM,,500,,,0.002,0.002,5.5,,,5.5,,5.5,5.5,5.5,,0,0,5.5,,,,,,,,,0.002,0.002,5.5,,,5.5,,5.5,5.5,5.5,,,,,,,,,,,,,0.004,0.004,04/25/2024 13:45:57,,,,,,,,
RP 042424 2,Results,04/24/2024,04/24/2024,04/25/2024,Repo,Multiple Price,Same Day,1,Overnight,1.30 PM,1.45 PM,,500,,,0.001,0.001,5.5,,,5.5,,5.5,5.5,5.5,,0,0,5.5,,,,,,,,,0.002,0.002,5.5,,,5.5,,5.5,5.5,5.5,,,,,,,,,,,,,0.003,0.003,04/24/2024 13:45:53,,,,,,,,
RP 042324 2,Results,04/23/2024,04/23/2024,04/24/2024,Repo,Multiple Price,Same Day,1,Overnight,1.30 PM,1.45 PM,,500,,,0,0,5.5,,,,,,,,,0,0,5.5,,,,,,,,,0,0,5.5,,,,,,,,,,,,,,,,,,,,0,0,04/23/2024 13:45:36,,,,,,,,
RP 042224 2,Results,04/22/2024,04/22/2024,04/23/2024,Repo,Multiple Price,Same Day,1,Overnight,1.30 PM,1.45 PM,,500,,,0,0,5.5,,,,,,,,,0,0,5.5,,,,,,,,,0,0,5.5,,,,,,,,,,,,,,,,,,,,0,0,04/22/2024 13:45:35,,,,,,,,
RP 041924 2,Results,04/19/2024,04/19/2024,04/22/2024,Repo,Multiple Price,Same Day,3,Overnight,1.30 PM,1.45 PM,,500,,,0,0,5.5,,,,,,,,,0,0,5.5,,,,,,,,,0.001,0.001,5.5,,,5.5,,5.5,5.5,5.5,,,,,,,,,,,,,0.001,0.001,04/19/2024 13:46:09,,,,,,,,
RP 041824 2,Results,04/18/2024,04/18/2024,04/19/2024,Repo,Multiple Price,Same Day,1,Overnight,1.30 PM,1.45 PM,,500,,,0.112,0.112,5.5,,,5.5,,5.5,5.5,5.5,,0,0,5.5,,,,,,,,,0.001,0.001,5.5,,,5.5,,5.5,5.5,5.5,,,,,,,,,,,,,0.113,0.113,04/18/2024 13:45:50,,,,,,,,
RP 041724 2,Results,04/17/2024,04/17/2024,04/18/2024,Repo,Multiple Price,Same Day,1,Overnight,1.30 PM,1.45 PM,,500,,,0.001,0.001,5.5,,,5.5,,5.5,5.5,5.5,,0,0,5.5,,,,,,,,,0,0,5.5,,,,,,,,,,,,,,,,,,,,0.001,0.001,04/17/2024 13:46:01,,,,,,,,
RP 041624 2,Results,04/16/2024,04/16/2024,04/17/2024,Repo,Multiple Price,Same Day,1,Overnight,1.30 PM,1.45 PM,,500,,,0.001,0.001,5.5,,,5.5,,5.5,5.5,5.5,,0,0,5.5,,,,,,,,,0,0,5.5,,,,,,,,,,,,,,,,,,,,0.001,0.001,04/16/2024 13:46:14,,,,,,,,
RP 041524 2,Results,04/15/2024,04/15/2024,04/16/2024,Repo,Multiple Price,Same Day,1,Overnight,1.30 PM,1.45 PM,,500,,,0.001,0.001,5.5,,,5.5,,5.5,5.5,5.5,,0,0,5.5,,,,,,,,,0.001,0.001,5.5,,,5.5,,5.5,5.5,5.5,,,,,,,,,,,,,0.002,0.002,04/15/2024 13:46:29,,,,,,,,
RP 041224 2,Results,04-12-2024,04-12-2024,04/15/2024,Repo,Multiple Price,Same Day,3,Overnight,1.30 PM,1.45 PM,,500,,,0,0,5.5,,,,,,,,,0,0,5.5,,,,,,,,,0,0,5.5,,,,,,,,,,,,,,,,,,,,0,0,04-12-2024 13.45,,,,,,,,
RP 041124 2,Results,04-11-2024,04-11-2024,04-12-2024,Repo,Multiple Price,Same Day,1,Overnight,1.30 PM,1.45 PM,,500,,,0,0,5.5,,,,,,,,,0,0,5.5,,,,,,,,,0,0,5.5,,,,,,,,,,,,,,,,,,,,0,0,04-11-2024 13.45,,,,,,,,
RP 041024 2,Results,04-10-2024,04-10-2024,04-11-2024,Repo,Multiple Price,Same Day,1,Overnight,1.30 PM,1.45 PM,,500,,,0.001,0.001,5.5,,,5.5,,5.5,5.5,5.5,,0,0,5.5,,,,,,,,,0,0,5.5,,,,,,,,,,,,,,,,,,,,0.001,0.001,04-10-2024 13.45,,,,,,,,
RP 040924 2,Results,04-09-2024,04-09-2024,04-10-2024,Repo,Multiple Price,Same Day,1,Overnight,1.30 PM,1.45 PM,,500,,,0.002,0.002,5.5,,,5.5,,5.5,5.5,5.5,,0,0,5.5,,,,,,,,,0,0,5.5,,,,,,,,,,,,,,,,,,,,0.002,0.002,04-09-2024 13.45,,,,,,,,
RP 040824 3,Results,04-08-2024,04-08-2024,04-09-2024,Repo,Multiple Price,Same Day,1,Overnight,1.30 PM,1.45 PM,,500,,,0,0,5.5,,,,,,,,,0,0,5.5,,,,,,,,,0,0,5.5,,,,,,,,,,,,,,,,,,,,0,0,04-08-2024 13.45,,,,,,,,
RP 040524 2,Results,04-05-2024,04-05-2024,04-08-2024,Repo,Multiple Price,Same Day,3,Overnight,1.30 PM,1.45 PM,,500,,,0,0,5.5,,,,,,,,,0,0,5.5,,,,,,,,,0,0,5.5,,,,,,,,,,,,,,,,,,,,0,0,04-05-2024 13.45,,,,,,,,
RP 040424 2,Results,04-04-2024,04-04-2024,04-05-2024,Repo,Multiple Price,Same Day,1,Overnight,1.30 PM,1.45 PM,,500,,,0,0,5.5,,,,,,,,,0,0,5.5,,,,,,,,,0,0,5.5,,,,,,,,,,,,,,,,,,,,0,0,04-04-2024 13.45,,,,,,,,
RP 040324 2,Results,04-03-2024,04-03-2024,04-04-2024,Repo,Multiple Price,Same Day,1,Overnight,1.30 PM,1.45 PM,,500,,,0.001,0.001,5.5,,,5.5,,5.5,5.5,5.5,,0,0,5.5,,,,,,,,,0.001,0.001,5.5,,,5.5,,5.5,5.5,5.5,,,,,,,,,,,,,0.002,0.002,04-03-2024 13.45,,,,,,,,
RP 040224 2,Results,04-02-2024,04-02-2024,04-03-2024,Repo,Multiple Price,Same Day,1,Overnight,1.30 PM,1.45 PM,,500,,,0,0,5.5,,,,,,,,,0,0,5.5,,,,,,,,,0,0,5.5,,,,,,,,,,,,,,,,,,,,0,0,04-02-2024 13.45,,,,,,,,
RP 040124 2,Results,04-01-2024,04-01-2024,04-02-2024,Repo,Multiple Price,Same Day,1,Overnight,1.30 PM,1.45 PM,,500,,,0,0,5.5,,,,,,,,,0,0,5.5,,,,,,,,,0,0,5.5,,,,,,,,,,,,,,,,,,,,0,0,04-01-2024 13.45,,,,,,,,
RP 032824 2,Results,03/28/2024,03/28/2024,04-01-2024,Repo,Multiple Price,Same Day,4,Overnight,1.30 PM,1.45 PM,,500,,,0.002,0.002,5.5,,,5.5,,5.505,5.51,5.5,,0,0,5.5,,,,,,,,,0.001,0.001,5.5,,,5.51,,5.51,5.51,5.51,,,,,,,,,,,,,0.003,0.003,03/28/2024 13:46:47,,,,,,,,
RP 032724 2,Results,03/27/2024,03/27/2024,03/28/2024,Repo,Multiple Price,Same Day,1,Overnight,1.30 PM,1.45 PM,,500,,,0,0,5.5,,,,,,,,,0,0,5.5,,,,,,,,,0,0,5.5,,,,,,,,,,,,,,,,,,,,0,0,03/27/2024 13:45:40,,,,,,,,
RP 032624 2,Results,03/26/2024,03/26/2024,03/27/2024,Repo,Multiple Price,Same Day,1,Overnight,1.30 PM,1.45 PM,,500,,,0.001,0.001,5.5,,,5.5,,5.5,5.5,5.5,,0,0,5.5,,,,,,,,,0,0,5.5,,,,,,,,,,,,,,,,,,,,0.001,0.001,03/26/2024 13:45:42,,,,,,,,
RP 032524 2,Results,03/25/2024,03/25/2024,03/26/2024,Repo,Multiple Price,Same Day,1,Overnight,1.30 PM,1.45 PM,,500,,,0,0,5.5,,,,,,,,,0,0,5.5,,,,,,,,,0,0,5.5,,,,,,,,,,,,,,,,,,,,0,0,03/25/2024 13:45:39,,,,,,,,
RP 032224 2,Results,03/22/2024,03/22/2024,03/25/2024,Repo,Multiple Price,Same Day,3,Overnight,1.30 PM,1.45 PM,,500,,,0,0,5.5,,,,,,,,,0,0,5.5,,,,,,,,,0,0,5.5,,,,,,,,,,,,,,,,,,,,0,0,03/22/2024 13:45:27,,,,,,,,
RP 032124 2,Results,03/21/2024,03/21/2024,03/22/2024,Repo,Multiple Price,Same Day,1,Overnight,1.30 PM,1.45 PM,,500,,,0,0,5.5,,,,,,,,,0,0,5.5,,,,,,,,,0,0,5.5,,,,,,,,,,,,,,,,,,,,0,0,03/21/2024 13:45:33,,,,,,,,
RP 032024 2,Results,03/20/2024,03/20/2024,03/21/2024,Repo,Multiple Price,Same Day,1,Overnight,1.30 PM,1.45 PM,,500,,,0.001,0.001,5.5,,,5.5,,5.5,5.5,5.5,,0.001,0.001,5.5,,,5.5,,5.5,5.5,5.5,,0.001,0.001,5.5,,,5.5,,5.5,5.5,5.5,,,,,,,,,,,,,0.003,0.003,03/20/2024 13:45:38,,,,,,,,
RP 031924 2,Results,03/19/2024,03/19/2024,03/20/2024,Repo,Multiple Price,Same Day,1,Overnight,1.30 PM,1.45 PM,,500,,,0.002,0.002,5.5,,,5.5,,5.5,5.5,5.5,,0.001,0.001,5.5,,,5.5,,5.5,5.5,5.5,,0.001,0.001,5.5,,,5.5,,5.5,5.5,5.5,,,,,,,,,,,,,0.004,0.004,03/19/2024 13:45:48,,,,,,,,
RP 031824 2,Results,03/18/2024,03/18/2024,03/19/2024,Repo,Multiple Price,Same Day,1,Overnight,1.30 PM,1.45 PM,,500,,,0,0,5.5,,,,,,,,,0,0,5.5,,,,,,,,,0,0,5.5,,,,,,,,,,,,,,,,,,,,0,0,03/18/2024 13:45:39,,,,,,,,
RP 031524 3,Results,03/15/2024,03/15/2024,03/18/2024,Repo,Multiple Price,Same Day,3,Overnight,1.30 PM,1.45 PM,,500,,,0.002,0.002,5.5,,,5.5,,5.5,5.5,5.5,,0.001,0.001,5.5,,,5.5,,5.5,5.5,5.5,,0,0,5.5,,,,,,,,,,,,,,,,,,,,0.003,0.003,03/15/2024 13:45:54,,,,,,,,
RP 031424 2,Results,03/14/2024,03/14/2024,03/15/2024,Repo,Multiple Price,Same Day,1,Overnight,1.30 PM,1.45 PM,,500,,,0.001,0.001,5.5,,,5.5,,5.5,5.5,5.5,,0,0,5.5,,,,,,,,,0,0,5.5,,,,,,,,,,,,,,,,,,,,0.001,0.001,03/14/2024 13:45:58,,,,,,,,
RP 031324 2,Results,03/13/2024,03/13/2024,03/14/2024,Repo,Multiple Price,Same Day,1,Overnight,1.30 PM,1.45 PM,,500,,,0.002,0.002,5.5,,,5.5,,5.5,5.5,5.5,,0,0,5.5,,,,,,,,,0.002,0.002,5.5,,,5.5,,5.5,5.5,5.5,,,,,,,,,,,,,0.004,0.004,03/13/2024 13:46:09,,,,,,,,
RP 031224 2,Results,03-12-2024,03-12-2024,03/13/2024,Repo,Multiple Price,Same Day,1,Overnight,1.30 PM,1.45 PM,,500,,,0.001,0.001,5.5,,,5.5,,5.5,5.5,5.5,,0,0,5.5,,,,,,,,,0,0,5.5,,,,,,,,,,,,,,,,,,,,0.001,0.001,03-12-2024 13.45,,,,,,,,
RP 031124 2,Results,03-11-2024,03-11-2024,03-12-2024,Repo,Multiple Price,Same Day,1,Overnight,1.30 PM,1.45 PM,,500,,,0,0,5.5,,,,,,,,,0,0,5.5,,,,,,,,,0,0,5.5,,,,,,,,,,,,,,,,,,,,0,0,03-11-2024 13.45,,,,,,,,
RP 030824 2,Results,03-08-2024,03-08-2024,03-11-2024,Repo,Multiple Price,Same Day,3,Overnight,1.30 PM,1.45 PM,,500,,,0,0,5.5,,,,,,,,,0,0,5.5,,,,,,,,,0,0,5.5,,,,,,,,,,,,,,,,,,,,0,0,03-08-2024 13.45,,,,,,,,
RP 030724 2,Results,03-07-2024,03-07-2024,03-08-2024,Repo,Multiple Price,Same Day,1,Overnight,1.30 PM,1.45 PM,,500,,,0.11,0.11,5.5,,,5.5,,5.5,5.5,5.5,,0,0,5.5,,,,,,,,,0,0,5.5,,,,,,,,,,,,,,,,,,,,0.11,0.11,03-07-2024 13.46,,,,,,,,
RP 030624 2,Results,03-06-2024,03-06-2024,03-07-2024,Repo,Multiple Price,Same Day,1,Overnight,1.30 PM,1.45 PM,,500,,,0.002,0.002,5.5,,,5.5,,5.5,5.5,5.5,,0.001,0.001,5.5,,,5.5,,5.5,5.5,5.5,,0.002,0.002,5.5,,,5.5,,5.5,5.5,5.5,,,,,,,,,,,,,0.005,0.005,03-06-2024 13.45,,,,,,,,
RP 030524 2,Results,03-05-2024,03-05-2024,03-06-2024,Repo,Multiple Price,Same Day,1,Overnight,1.30 PM,1.45 PM,,500,,,0.001,0.001,5.5,,,5.5,,5.5,5.5,5.5,,0.001,0.001,5.5,,,5.5,,5.5,5.5,5.5,,0.002,0.002,5.5,,,5.5,,5.5,5.5,5.5,,,,,,,,,,,,,0.004,0.004,03-05-2024 13.46,,,,,,,,
RP 030424 3,Results,03-04-2024,03-04-2024,03-05-2024,Repo,Multiple Price,Same Day,1,Overnight,1.30 PM,1.45 PM,,500,,,0,0,5.5,,,,,,,,,0,0,5.5,,,,,,,,,0,0,5.5,,,,,,,,,,,,,,,,,,,,0,0,03-04-2024 13.45,,,,,,,,
RP 030124 2,Results,03-01-2024,03-01-2024,03-04-2024,Repo,Multiple Price,Same Day,3,Overnight,1.30 PM,1.45 PM,,500,,,0.001,0.001,5.5,,,5.5,,5.5,5.5,5.5,,0,0,5.5,,,,,,,,,0,0,5.5,,,,,,,,,,,,,,,,,,,,0.001,0.001,03-01-2024 13.45,,,,,,,,
RP 022924 2,Results,02/29/2024,02/29/2024,03-01-2024,Repo,Multiple Price,Same Day,1,Overnight,1.30 PM,1.45 PM,,500,,,0.001,0.001,5.5,,,5.5,,5.5,5.5,5.5,,0,0,5.5,,,,,,,,,0,0,5.5,,,,,,,,,,,,,,,,,,,,0.001,0.001,02/29/2024 13:45:39,,,,,,,,
RP 022824 2,Results,02/28/2024,02/28/2024,02/29/2024,Repo,Multiple Price,Same Day,1,Overnight,1.30 PM,1.45 PM,,500,,,0.002,0.002,5.5,,,5.5,,5.5,5.5,5.5,,0,0,5.5,,,,,,,,,0.002,0.002,5.5,,,5.5,,5.5,5.5,5.5,,,,,,,,,,,,,0.004,0.004,02/28/2024 13:45:57,,,,,,,,
RP 022724 2,Results,02/27/2024,02/27/2024,02/28/2024,Repo,Multiple Price,Same Day,1,Overnight,1.30 PM,1.45 PM,,500,,,0.002,0.002,5.5,,,5.5,,5.5,5.5,5.5,,0.001,0.001,5.5,,,5.5,,5.5,5.5,5.5,,0.002,0.002,5.5,,,5.5,,5.5,5.5,5.5,,,,,,,,,,,,,0.005,0.005,02/27/2024 13:46:17,,,,,,,,
RP 022624 2,Results,02/26/2024,02/26/2024,02/27/2024,Repo,Multiple Price,Same Day,1,Overnight,1.30 PM,1.45 PM,,500,,,0,0,5.5,,,,,,,,,0,0,5.5,,,,,,,,,0,0,5.5,,,,,,,,,,,,,,,,,,,,0,0,02/26/2024 13:45:54,,,,,,,,
RP 022324 2,Results,02/23/2024,02/23/2024,02/26/2024,Repo,Multiple Price,Same Day,3,Overnight,1.30 PM,1.45 PM,,500,,,0.001,0.001,5.5,,,5.5,,5.5,5.5,5.5,,0,0,5.5,,,,,,,,,0,0,5.5,,,,,,,,,,,,,,,,,,,,0.001,0.001,02/23/2024 13:45:45,,,,,,,,
RP 022224 2,Results,02/22/2024,02/22/2024,02/23/2024,Repo,Multiple Price,Same Day,1,Overnight,1.29 PM,1.45 PM,,500,,,0.102,0.102,5.5,,,5.5,,5.5,5.5,5.5,,0.002,0.002,5.5,,,5.5,,5.5,5.5,5.5,,0.002,0.002,5.5,,,5.5,,5.5,5.5,5.5,,,,,,,,,,,,,0.106,0.106,02/22/2024 13:45:56,,,,,,,,
RP 022124 2,Results,02/21/2024,02/21/2024,02/22/2024,Repo,Multiple Price,Same Day,1,Overnight,1.30 PM,1.45 PM,,500,,,0.001,0.001,5.5,,,5.5,,5.5,5.5,5.5,,0,0,5.5,,,,,,,,,0,0,5.5,,,,,,,,,,,,,,,,,,,,0.001,0.001,02/21/2024 13:46:05,,,,,,,,
RP 022024 2,Results,02/20/2024,02/20/2024,02/21/2024,Repo,Multiple Price,Same Day,1,Overnight,1.30 PM,1.45 PM,,500,,,0,0,5.5,,,,,,,,,0,0,5.5,,,,,,,,,0,0,5.5,,,,,,,,,,,,,,,,,,,,0,0,02/20/2024 13:45:58,,,,,,,,
RP 021624 2,Results,02/16/2024,02/16/2024,02/20/2024,Repo,Multiple Price,Same Day,4,Overnight,1.30 PM,1.45 PM,,500,,,0,0,5.5,,,,,,,,,0,0,5.5,,,,,,,,,0,0,5.5,,,,,,,,,,,,,,,,,,,,0,0,02/16/2024 13:45:31,,,,,,,,
RP 021524 2,Results,02/15/2024,02/15/2024,02/16/2024,Repo,Multiple Price,Same Day,1,Overnight,1.30 PM,1.45 PM,,500,,,0,0,5.5,,,,,,,,,0,0,5.5,,,,,,,,,0,0,5.5,,,,,,,,,,,,,,,,,,,,0,0,02/15/2024 13:45:30,,,,,,,,
RP 021424 2,Results,02/14/2024,02/14/2024,02/15/2024,Repo,Multiple Price,Same Day,1,Overnight,1.30 PM,1.45 PM,,500,,,0,0,5.5,,,,,,,,,0,0,5.5,,,,,,,,,0,0,5.5,,,,,,,,,,,,,,,,,,,,0,0,02/14/2024 13:45:29,,,,,,,,
RP 021324 2,Results,02/13/2024,02/13/2024,02/14/2024,Repo,Multiple Price,Same Day,1,Overnight,1.30 PM,1.45 PM,,500,,,0,0,5.5,,,,,,,,,0,0,5.5,,,,,,,,,0,0,5.5,,,,,,,,,,,,,,,,,,,,0,0,02/13/2024 13:45:37,,,,,,,,
RP 021224 2,Results,02-12-2024,02-12-2024,02/13/2024,Repo,Multiple Price,Same Day,1,Overnight,1.30 PM,1.45 PM,,500,,,0.001,0.001,5.5,,,5.5,,5.5,5.5,5.5,,0.001,0.001,5.5,,,5.5,,5.5,5.5,5.5,,0.001,0.001,5.5,,,5.5,,5.5,5.5,5.5,,,,,,,,,,,,,0.003,0.003,02-12-2024 13.45,,,,,,,,
RP 020924 2,Results,02-09-2024,02-09-2024,02-12-2024,Repo,Multiple Price,Same Day,3,Overnight,1.30 PM,1.45 PM,,500,,,0.001,0.001,5.5,,,5.5,,5.5,5.5,5.5,,0,0,5.5,,,,,,,,,0.001,0.001,5.5,,,5.5,,5.5,5.5,5.5,,,,,,,,,,,,,0.002,0.002,02-09-2024 13.45,,,,,,,,
RP 020824 2,Results,02-08-2024,02-08-2024,02-09-2024,Repo,Multiple Price,Same Day,1,Overnight,1.30 PM,1.45 PM,,500,,,0.001,0.001,5.5,,,5.5,,5.5,5.5,5.5,,0,0,5.5,,,,,,,,,0,0,5.5,,,,,,,,,,,,,,,,,,,,0.001,0.001,02-08-2024 13.45,,,,,,,,
RP 020724 2,Results,02-07-2024,02-07-2024,02-08-2024,Repo,Multiple Price,Same Day,1,Overnight,1.30 PM,1.45 PM,,500,,,0,0,5.5,,,,,,,,,0,0,5.5,,,,,,,,,0,0,5.5,,,,,,,,,,,,,,,,,,,,0,0,02-07-2024 13.45,,,,,,,,
RP 020624 2,Results,02-06-2024,02-06-2024,02-07-2024,Repo,Multiple Price,Same Day,1,Overnight,1.30 PM,1.45 PM,,500,,,0,0,5.5,,,,,,,,,0,0,5.5,,,,,,,,,0,0,5.5,,,,,,,,,,,,,,,,,,,,0,0,02-06-2024 13.45,,,,,,,,
RP 020524 2,Results,02-05-2024,02-05-2024,02-06-2024,Repo,Multiple Price,Same Day,1,Overnight,1.30 PM,1.45 PM,,500,,,0.001,0.001,5.5,,,5.5,,5.5,5.5,5.5,,0,0,5.5,,,,,,,,,0,0,5.5,,,,,,,,,,,,,,,,,,,,0.001,0.001,02-05-2024 13.45,,,,,,,,
RP 020224 2,Results,02-02-2024,02-02-2024,02-05-2024,Repo,Multiple Price,Same Day,3,Overnight,1.30 PM,1.45 PM,,500,,,0,0,5.5,,,,,,,,,0,0,5.5,,,,,,,,,0,0,5.5,,,,,,,,,,,,,,,,,,,,0,0,02-02-2024 13.45,,,,,,,,
RP 020124 2,Results,02-01-2024,02-01-2024,02-02-2024,Repo,Multiple Price,Same Day,1,Overnight,1.30 PM,1.45 PM,,500,,,0,0,5.5,,,,,,,,,0,0,5.5,,,,,,,,,0,0,5.5,,,,,,,,,,,,,,,,,,,,0,0,02-01-2024 13.45,,,,,,,,
RP 013124 2,Results,01/31/2024,01/31/2024,02-01-2024,Repo,Multiple Price,Same Day,1,Overnight,1.30 PM,1.45 PM,,500,,,0,0,5.5,,,,,,,,,0,0,5.5,,,,,,,,,0,0,5.5,,,,,,,,,,,,,,,,,,,,0,0,01/31/2024 13:45:31,,,,,,,,
RP 013024 2,Results,01/30/2024,01/30/2024,01/31/2024,Repo,Multiple Price,Same Day,1,Overnight,1.30 PM,1.45 PM,,500,,,0,0,5.5,,,,,,,,,0,0,5.5,,,,,,,,,0,0,5.5,,,,,,,,,,,,,,,,,,,,0,0,01/30/2024 13:45:46,,,,,,,,
RP 012924 2,Results,01/29/2024,01/29/2024,01/30/2024,Repo,Multiple Price,Same Day,1,Overnight,1.30 PM,1.45 PM,,500,,,0.002,0.002,5.5,,,5.5,,5.5,5.5,5.5,,0.001,0.001,5.5,,,5.5,,5.5,5.5,5.5,,0.001,0.001,5.5,,,5.5,,5.5,5.5,5.5,,,,,,,,,,,,,0.004,0.004,01/29/2024 13:45:45,,,,,,,,
RP 012624 2,Results,01/26/2024,01/26/2024,01/29/2024,Repo,Multiple Price,Same Day,3,Overnight,1.30 PM,1.45 PM,,500,,,0,0,5.5,,,,,,,,,0,0,5.5,,,,,,,,,0,0,5.5,,,,,,,,,,,,,,,,,,,,0,0,01/26/2024 13:45:28,,,,,,,,
RP 012524 2,Results,01/25/2024,01/25/2024,01/26/2024,Repo,Multiple Price,Same Day,1,Overnight,1.30 PM,1.45 PM,,500,,,0.002,0.002,5.5,,,5.5,,5.5,5.5,5.5,,0.001,0.001,5.5,,,5.5,,5.5,5.5,5.5,,0.001,0.001,5.5,,,5.5,,5.5,5.5,5.5,,,,,,,,,,,,,0.004,0.004,01/25/2024 13:45:45,,,,,,,,
RP 012424 2,Results,01/24/2024,01/24/2024,01/25/2024,Repo,Multiple Price,Same Day,1,Overnight,1.30 PM,1.45 PM,,500,,,0,0,5.5,,,,,,,,,0,0,5.5,,,,,,,,,0,0,5.5,,,,,,,,,,,,,,,,,,,,0,0,01/24/2024 13:45:40,,,,,,,,
RP 012324 2,Results,01/23/2024,01/23/2024,01/24/2024,Repo,Multiple Price,Same Day,1,Overnight,1.30 PM,1.45 PM,,500,,,0.001,0.001,5.5,,,5.5,,5.5,5.5,5.5,,0,0,5.5,,,,,,,,,0,0,5.5,,,,,,,,,,,,,,,,,,,,0.001,0.001,01/23/2024 13:45:51,,,,,,,,
RP 012224 2,Results,01/22/2024,01/22/2024,01/23/2024,Repo,Multiple Price,Same Day,1,Overnight,1.30 PM,1.45 PM,,500,,,0.001,0.001,5.5,,,5.5,,5.5,5.5,5.5,,0,0,5.5,,,,,,,,,0,0,5.5,,,,,,,,,,,,,,,,,,,,0.001,0.001,01/22/2024 13:45:39,,,,,,,,
RP 011924 2,Results,01/19/2024,01/19/2024,01/22/2024,Repo,Multiple Price,Same Day,3,Overnight,1.30 PM,1.45 PM,,500,,,0,0,5.5,,,,,,,,,0,0,5.5,,,,,,,,,0,0,5.5,,,,,,,,,,,,,,,,,,,,0,0,01/19/2024 13:45:41,,,,,,,,
RP 011824 2,Results,01/18/2024,01/18/2024,01/19/2024,Repo,Multiple Price,Same Day,1,Overnight,1.30 PM,1.45 PM,,500,,,0.001,0.001,5.5,,,5.5,,5.5,5.5,5.5,,0,0,5.5,,,,,,,,,0.002,0.002,5.5,,,5.5,,5.5,5.5,5.5,,,,,,,,,,,,,0.003,0.003,01/18/2024 13:45:34,,,,,,,,
RP 011724 2,Results,01/17/2024,01/17/2024,01/18/2024,Repo,Multiple Price,Same Day,1,Overnight,1.30 PM,1.45 PM,,500,,,0,0,5.5,,,,,,,,,0,0,5.5,,,,,,,,,0,0,5.5,,,,,,,,,,,,,,,,,,,,0,0,01/17/2024 13:45:25,,,,,,,,
RP 011624 2,Results,01/16/2024,01/16/2024,01/17/2024,Repo,Multiple Price,Same Day,1,Overnight,1.30 PM,1.45 PM,,500,,,0,0,5.5,,,,,,,,,0,0,5.5,,,,,,,,,0,0,5.5,,,,,,,,,,,,,,,,,,,,0,0,01/16/2024 13:45:29,,,,,,,,
RP 011224 2,Results,01-12-2024,01-12-2024,01/16/2024,Repo,Multiple Price,Same Day,4,Overnight,1.30 PM,1.45 PM,,500,,,0.001,0.001,5.5,,,5.5,,5.5,5.5,5.5,,0,0,5.5,,,,,,,,,0,0,5.5,,,,,,,,,,,,,,,,,,,,0.001,0.001,01-12-2024 13.45,,,,,,,,
RP 011124 2,Results,01-11-2024,01-11-2024,01-12-2024,Repo,Multiple Price,Same Day,1,Overnight,1.30 PM,1.45 PM,,500,,,0,0,5.5,,,,,,,,,0,0,5.5,,,,,,,,,0,0,5.5,,,,,,,,,,,,,,,,,,,,0,0,01-11-2024 13.45,,,,,,,,
RP 011024 2,Results,01-10-2024,01-10-2024,01-11-2024,Repo,Multiple Price,Same Day,1,Overnight,1.30 PM,1.45 PM,,500,,,0,0,5.5,,,,,,,,,0,0,5.5,,,,,,,,,0,0,5.5,,,,,,,,,,,,,,,,,,,,0,0,01-10-2024 13.45,,,,,,,,
RP 010924 2,Results,01-09-2024,01-09-2024,01-10-2024,Repo,Multiple Price,Same Day,1,Overnight,1.30 PM,1.45 PM,,500,,,0,0,5.5,,,,,,,,,0,0,5.5,,,,,,,,,0,0,5.5,,,,,,,,,,,,,,,,,,,,0,0,01-09-2024 13.45,,,,,,,,
RP 010824 2,Results,01-08-2024,01-08-2024,01-09-2024,Repo,Multiple Price,Same Day,1,Overnight,1.30 PM,1.45 PM,,500,,,0,0,5.5,,,,,,,,,0,0,5.5,,,,,,,,,0,0,5.5,,,,,,,,,,,,,,,,,,,,0,0,01-08-2024 13.45,,,,,,,,
RP 010524 2,Results,01-05-2024,01-05-2024,01-08-2024,Repo,Multiple Price,Same Day,3,Overnight,1.30 PM,1.45 PM,,500,,,0,0,5.5,,,,,,,,,0,0,5.5,,,,,,,,,0,0,5.5,,,,,,,,,,,,,,,,,,,,0,0,01-05-2024 13.45,,,,,,,,
RP 010424 2,Results,01-04-2024,01-04-2024,01-05-2024,Repo,Multiple Price,Same Day,1,Overnight,1.30 PM,1.45 PM,,500,,,0,0,5.5,,,,,,,,,0,0,5.5,,,,,,,,,0,0,5.5,,,,,,,,,,,,,,,,,,,,0,0,01-04-2024 13.46,,,,,,,,
RP 010324 2,Results,01-03-2024,01-03-2024,01-04-2024,Repo,Multiple Price,Same Day,1,Overnight,1.30 PM,1.45 PM,,500,,,0,0,5.5,,,,,,,,,0,0,5.5,,,,,,,,,0,0,5.5,,,,,,,,,,,,,,,,,,,,0,0,01-03-2024 13.45,,,,,,,,
RP 010224 2,Results,01-02-2024,01-02-2024,01-03-2024,Repo,Multiple Price,Same Day,1,Overnight,1.30 PM,1.45 PM,,500,,,0,0,5.5,,,,,,,,,0,0,5.5,,,,,,,,,0,0,5.5,,,,,,,,,,,,,,,,,,,,0,0,01-02-2024 13.45,,,,,,,,
RP 122923 2,Results,12/29/2023,12/29/2023,01-02-2024,Repo,Multiple Price,Same Day,4,Overnight,1.30 PM,1.45 PM,,500,,,0,0,5.5,,,,,,,,,0,0,5.5,,,,,,,,,0,0,5.5,,,,,,,,,,,,,,,,,,,,0,0,12/29/2023 13:45:24,,,,,,,,
RP 122823 2,Results,12/28/2023,12/28/2023,12/29/2023,Repo,Multiple Price,Same Day,1,Overnight,1.30 PM,1.45 PM,,500,,,0,0,5.5,,,,,,,,,0,0,5.5,,,,,,,,,0,0,5.5,,,,,,,,,,,,,,,,,,,,0,0,12/28/2023 13:45:23,,,,,,,,
RP 122723 2,Results,12/27/2023,12/27/2023,12/28/2023,Repo,Multiple Price,Same Day,1,Overnight,1.30 PM,1.45 PM,,500,,,0,0,5.5,,,,,,,,,0,0,5.5,,,,,,,,,0,0,5.5,,,,,,,,,,,,,,,,,,,,0,0,12/27/2023 13:45:26,,,,,,,,
RP 122623 2,Results,12/26/2023,12/26/2023,12/27/2023,Repo,Multiple Price,Same Day,1,Overnight,1.30 PM,1.45 PM,,500,,,0,0,5.5,,,,,,,,,0,0,5.5,,,,,,,,,0,0,5.5,,,,,,,,,,,,,,,,,,,,0,0,12/26/2023 13:45:23,,,,,,,,
RP 122223 2,Results,12/22/2023,12/22/2023,12/26/2023,Repo,Multiple Price,Same Day,4,Overnight,1.30 PM,1.45 PM,,500,,,0.001,0.001,5.5,,,5.5,,5.5,5.5,5.5,,0.001,0.001,5.5,,,5.5,,5.5,5.5,5.5,,0.001,0.001,5.5,,,5.5,,5.5,5.5,5.5,,,,,,,,,,,,,0.003,0.003,12/22/2023 13:45:42,,,,,,,,
RP 122123 2,Results,12/21/2023,12/21/2023,12/22/2023,Repo,Multiple Price,Same Day,1,Overnight,1.30 PM,1.45 PM,,500,,,0.001,0.001,5.5,,,5.5,,5.5,5.5,5.5,,0.001,0.001,5.5,,,5.5,,5.5,5.5,5.5,,0.001,0.001,5.5,,,5.5,,5.5,5.5,5.5,,,,,,,,,,,,,0.003,0.003,12/21/2023 13:45:59,,,,,,,,
RP 122023 2,Results,12/20/2023,12/20/2023,12/21/2023,Repo,Multiple Price,Same Day,1,Overnight,1.30 PM,1.45 PM,,500,,,0,0,5.5,,,,,,,,,0,0,5.5,,,,,,,,,0,0,5.5,,,,,,,,,,,,,,,,,,,,0,0,12/20/2023 13:45:44,,,,,,,,
RP 121923 2,Results,12/19/2023,12/19/2023,12/20/2023,Repo,Multiple Price,Same Day,1,Overnight,1.30 PM,1.45 PM,,500,,,0,0,5.5,,,,,,,,,0,0,5.5,,,,,,,,,0,0,5.5,,,,,,,,,,,,,,,,,,,,0,0,12/19/2023 13:45:38,,,,,,,,
RP 121823 2,Results,12/18/2023,12/18/2023,12/19/2023,Repo,Multiple Price,Same Day,1,Overnight,1.30 PM,1.45 PM,,500,,,0.001,0.001,5.5,,,5.5,,5.5,5.5,5.5,,0.001,0.001,5.5,,,5.5,,5.5,5.5,5.5,,0.001,0.001,5.5,,,5.5,,5.5,5.5,5.5,,,,,,,,,,,,,0.003,0.003,12/18/2023 13:45:50,,,,,,,,
RP 121523 2,Results,12/15/2023,12/15/2023,12/18/2023,Repo,Multiple Price,Same Day,3,Overnight,1.30 PM,1.45 PM,,500,,,0,0,5.5,,,,,,,,,0,0,5.5,,,,,,,,,0,0,5.5,,,,,,,,,,,,,,,,,,,,0,0,12/15/2023 13:45:49,,,,,,,,
RP 121423 2,Results,12/14/2023,12/14/2023,12/15/2023,Repo,Multiple Price,Same Day,1,Overnight,1.30 PM,1.45 PM,,500,,,0.004,0.004,5.5,,,5.5,,5.5,5.5,5.5,,0.001,0.001,5.5,,,5.5,,5.5,5.5,5.5,,0.001,0.001,5.5,,,5.5,,5.5,5.5,5.5,,,,,,,,,,,,,0.006,0.006,12/14/2023 13:45:59,,,,,,,,
RP 121323 2,Results,12/13/2023,12/13/2023,12/14/2023,Repo,Multiple Price,Same Day,1,Overnight,1.30 PM,1.45 PM,,500,,,0.004,0.004,5.5,,,5.5,,5.5,5.5,5.5,,0,0,5.5,,,,,,,,,0.003,0.003,5.5,,,5.5,,5.5,5.5,5.5,,,,,,,,,,,,,0.007,0.007,12/13/2023 13:46:08,,,,,,,,
RP 121223 2,Results,12-12-2023,12-12-2023,12/13/2023,Repo,Multiple Price,Same Day,1,Overnight,1.30 PM,1.45 PM,,500,,,0.005,0.005,5.5,,,5.5,,5.5,5.5,5.5,,0,0,5.5,,,,,,,,,0,0,5.5,,,,,,,,,,,,,,,,,,,,0.005,0.005,12-12-2023 13.46,,,,,,,,
RP 121123 2,Results,12-11-2023,12-11-2023,12-12-2023,Repo,Multiple Price,Same Day,1,Overnight,1.30 PM,1.45 PM,,500,,,0,0,5.5,,,,,,,,,0,0,5.5,,,,,,,,,0,0,5.5,,,,,,,,,,,,,,,,,,,,0,0,12-11-2023 13.45,,,,,,,,
RP 120823 2,Results,12-08-2023,12-08-2023,12-11-2023,Repo,Multiple Price,Same Day,3,Overnight,1.30 PM,1.45 PM,,500,,,0,0,5.5,,,,,,,,,0,0,5.5,,,,,,,,,0,0,5.5,,,,,,,,,,,,,,,,,,,,0,0,12-08-2023 13.45,,,,,,,,
RP 120723 2,Results,12-07-2023,12-07-2023,12-08-2023,Repo,Multiple Price,Same Day,1,Overnight,1.30 PM,1.45 PM,,500,,,0.008,0.008,5.5,,,5.5,,5.5,5.5,5.5,,0.006,0.006,5.5,,,5.5,,5.5,5.5,5.5,,0.006,0.006,5.5,,,5.5,,5.5,5.5,5.5,,,,,,,,,,,,,0.02,0.02,12-07-2023 13.45,,,,,,,,
RP 120623 2,Results,12-06-2023,12-06-2023,12-07-2023,Repo,Multiple Price,Same Day,1,Overnight,1.30 PM,1.45 PM,,500,,,0.004,0.004,5.5,,,5.5,,5.5,5.5,5.5,,0.001,0.001,5.5,,,5.5,,5.5,5.5,5.5,,0.001,0.001,5.5,,,5.5,,5.5,5.5,5.5,,,,,,,,,,,,,0.006,0.006,12-06-2023 13.45,,,,,,,,
RP 120523 2,Results,12-05-2023,12-05-2023,12-06-2023,Repo,Multiple Price,Same Day,1,Overnight,1.30 PM,1.45 PM,,500,,,0.201,0.201,5.5,,,5.5,,5.5,5.5,5.5,,0.001,0.001,5.5,,,5.5,,5.5,5.5,5.5,,0.001,0.001,5.5,,,5.5,,5.5,5.5,5.5,,,,,,,,,,,,,0.203,0.203,12-05-2023 13.45,,,,,,,,
RP 120423 2,Results,12-04-2023,12-04-2023,12-05-2023,Repo,Multiple Price,Same Day,1,Overnight,1.30 PM,1.45 PM,,500,,,0,0,5.5,,,,,,,,,0,0,5.5,,,,,,,,,0,0,5.5,,,,,,,,,,,,,,,,,,,,0,0,12-04-2023 13.45,,,,,,,,
RP 120123 2,Results,12-01-2023,12-01-2023,12-04-2023,Repo,Multiple Price,Same Day,3,Overnight,1.30 PM,1.45 PM,,500,,,0.001,0.001,5.5,,,5.5,,5.5,5.5,5.5,,0,0,5.5,,,,,,,,,0,0,5.5,,,,,,,,,,,,,,,,,,,,0.001,0.001,12-01-2023 13.45,,,,,,,,
RP 113023 2,Results,11/30/2023,11/30/2023,12-01-2023,Repo,Multiple Price,Same Day,1,Overnight,1.30 PM,1.45 PM,,500,,,0,0,5.5,,,,,,,,,0,0,5.5,,,,,,,,,0,0,5.5,,,,,,,,,,,,,,,,,,,,0,0,11/30/2023 13:45:46,,,,,,,,
RP 112923 2,Results,11/29/2023,11/29/2023,11/30/2023,Repo,Multiple Price,Same Day,1,Overnight,1.30 PM,1.45 PM,,500,,,0.001,0.001,5.5,,,5.5,,5.5,5.5,5.5,,0.001,0.001,5.5,,,5.5,,5.5,5.5,5.5,,0.001,0.001,5.5,,,5.5,,5.5,5.5,5.5,,,,,,,,,,,,,0.003,0.003,11/29/2023 13:45:43,,,,,,,,
RP 112823 2,Results,11/28/2023,11/28/2023,11/29/2023,Repo,Multiple Price,Same Day,1,Overnight,1.30 PM,1.45 PM,,500,,,0.001,0.001,5.5,,,5.5,,5.5,5.5,5.5,,0,0,5.5,,,,,,,,,0,0,5.5,,,,,,,,,,,,,,,,,,,,0.001,0.001,11/28/2023 13:45:54,,,,,,,,
RP 112723 3,Results,11/27/2023,11/27/2023,11/28/2023,Repo,Multiple Price,Same Day,1,Overnight,1.30 PM,1.45 PM,,500,,,0,0,5.5,,,,,,,,,0,0,5.5,,,,,,,,,0,0,5.5,,,,,,,,,,,,,,,,,,,,0,0,11/27/2023 13:45:51,,,,,,,,
RP 112423 2,Results,11/24/2023,11/24/2023,11/27/2023,Repo,Multiple Price,Same Day,3,Overnight,1.30 PM,1.45 PM,,500,,,0,0,5.5,,,,,,,,,0,0,5.5,,,,,,,,,0,0,5.5,,,,,,,,,,,,,,,,,,,,0,0,11/24/2023 13:46:08,,,,,,,,
RP 112223 2,Results,11/22/2023,11/22/2023,11/24/2023,Repo,Multiple Price,Same Day,2,Overnight,1.30 PM,1.45 PM,,500,,,0,0,5.5,,,,,,,,,0,0,5.5,,,,,,,,,0,0,5.5,,,,,,,,,,,,,,,,,,,,0,0,11/22/2023 13:45:39,,,,,,,,
RP 112123 2,Results,11/21/2023,11/21/2023,11/22/2023,Repo,Multiple Price,Same Day,1,Overnight,1.30 PM,1.45 PM,,500,,,0,0,5.5,,,,,,,,,0,0,5.5,,,,,,,,,0,0,5.5,,,,,,,,,,,,,,,,,,,,0,0,11/21/2023 13:45:57,,,,,,,,
RP 112023 2,Results,11/20/2023,11/20/2023,11/21/2023,Repo,Multiple Price,Same Day,1,Overnight,1.30 PM,1.45 PM,,500,,,0,0,5.5,,,,,,,,,0,0,5.5,,,,,,,,,0,0,5.5,,,,,,,,,,,,,,,,,,,,0,0,11/20/2023 13:45:38,,,,,,,,
RP 111723 2,Results,11/17/2023,11/17/2023,11/20/2023,Repo,Multiple Price,Same Day,3,Overnight,1.30 PM,1.45 PM,,500,,,0,0,5.5,,,,,,,,,0,0,5.5,,,,,,,,,0,0,5.5,,,,,,,,,,,,,,,,,,,,0,0,11/17/2023 13:45:27,,,,,,,,
RP 111623 2,Results,11/16/2023,11/16/2023,11/17/2023,Repo,Multiple Price,Same Day,1,Overnight,1.30 PM,1.45 PM,,500,,,0,0,5.5,,,,,,,,,0,0,5.5,,,,,,,,,0,0,5.5,,,,,,,,,,,,,,,,,,,,0,0,11/16/2023 13:45:35,,,,,,,,
RP 111523 99,Results,11/15/2023,11/15/2023,11/16/2023,Repo,Multiple Price,Same Day,1,Overnight,10.30 AM,10.45 AM,This operation is a Small Value Exercise (SVE); the daily SRF operation will still take place at its regularly scheduled time (1:30pm).,0.15,,,0.036,0.036,5.5,,,5.5,,5.5,5.5,5.5,,0.016,0.016,5.5,,,5.5,,5.5,5.5,5.5,,0.024,0.024,5.5,,,5.5,,5.5,5.5,5.5,,,,,,,,,,,,,0.076,0.076,11/15/2023 11:00:30,,,,,,,,
RP 111523 2,Results,11/15/2023,11/15/2023,11/16/2023,Repo,Multiple Price,Same Day,1,Overnight,1.30 PM,1.45 PM,,500,,,0,0,5.5,,,,,,,,,0,0,5.5,,,,,,,,,0,0,5.5,,,,,,,,,,,,,,,,,,,,0,0,11/15/2023 13:45:49,,,,,,,,
RP 111423 2,Results,11/14/2023,11/14/2023,11/15/2023,Repo,Multiple Price,Same Day,1,Overnight,1.30 PM,1.45 PM,,500,,,0.01,0.01,5.5,,,5.5,,5.5,5.5,5.5,,0,0,5.5,,,,,,,,,0,0,5.5,,,,,,,,,,,,,,,,,,,,0.01,0.01,11/14/2023 13:45:49,,,,,,,,
RP 111323 2,Results,11/13/2023,11/13/2023,11/14/2023,Repo,Multiple Price,Same Day,1,Overnight,1.30 PM,1.45 PM,,500,,,0,0,5.5,,,,,,,,,0,0,5.5,,,,,,,,,0,0,5.5,,,,,,,,,,,,,,,,,,,,0,0,11/13/2023 13:45:52,,,,,,,,
RP 111023 2,Results,11-10-2023,11-10-2023,11/13/2023,Repo,Multiple Price,Same Day,3,Overnight,1.30 PM,1.45 PM,,500,,,0,0,5.5,,,,,,,,,0,0,5.5,,,,,,,,,0,0,5.5,,,,,,,,,,,,,,,,,,,,0,0,11-10-2023 13.45,,,,,,,,
RP 110923 2,Results,11-09-2023,11-09-2023,11-10-2023,Repo,Multiple Price,Same Day,1,Overnight,1.30 PM,1.45 PM,,500,,,0.01,0.01,5.5,,,5.5,,5.5,5.5,5.5,,0,0,5.5,,,,,,,,,0,0,5.5,,,,,,,,,,,,,,,,,,,,0.01,0.01,11-09-2023 13.45,,,,,,,,
RP 110823 2,Results,11-08-2023,11-08-2023,11-09-2023,Repo,Multiple Price,Same Day,1,Overnight,1.30 PM,1.45 PM,,500,,,0,0,5.5,,,,,,,,,0,0,5.5,,,,,,,,,0,0,5.5,,,,,,,,,,,,,,,,,,,,0,0,11-08-2023 13.45,,,,,,,,
RP 110723 2,Results,11-07-2023,11-07-2023,11-08-2023,Repo,Multiple Price,Same Day,1,Overnight,1.30 PM,1.45 PM,,500,,,0.001,0.001,5.5,,,5.5,,5.5,5.5,5.5,,0.001,0.001,5.5,,,5.5,,5.5,5.5,5.5,,0.001,0.001,5.5,,,5.5,,5.5,5.5,5.5,,,,,,,,,,,,,0.003,0.003,11-07-2023 13.45,,,,,,,,
RP 110623 2,Results,11-06-2023,11-06-2023,11-07-2023,Repo,Multiple Price,Same Day,1,Overnight,1.30 PM,1.45 PM,,500,,,0.001,0.001,5.5,,,5.5,,5.5,5.5,5.5,,0,0,5.5,,,,,,,,,0.002,0.002,5.5,,,5.5,,5.5,5.5,5.5,,,,,,,,,,,,,0.003,0.003,11-06-2023 13.45,,,,,,,,
RP 110323 2,Results,11-03-2023,11-03-2023,11-06-2023,Repo,Multiple Price,Same Day,3,Overnight,1.30 PM,1.45 PM,,500,,,0,0,5.5,,,,,,,,,0,0,5.5,,,,,,,,,0,0,5.5,,,,,,,,,,,,,,,,,,,,0,0,11-03-2023 13.45,,,,,,,,
RP 110223 2,Results,11-02-2023,11-02-2023,11-03-2023,Repo,Multiple Price,Same Day,1,Overnight,1.30 PM,1.45 PM,,500,,,0,0,5.5,,,,,,,,,0,0,5.5,,,,,,,,,0,0,5.5,,,,,,,,,,,,,,,,,,,,0,0,11-02-2023 13.45,,,,,,,,
RP 110123 2,Results,11-01-2023,11-01-2023,11-02-2023,Repo,Multiple Price,Same Day,1,Overnight,1.30 PM,1.45 PM,,500,,,0,0,5.5,,,,,,,,,0,0,5.5,,,,,,,,,0,0,5.5,,,,,,,,,,,,,,,,,,,,0,0,11-01-2023 13.45,,,,,,,,
RP 103123 2,Results,10/31/2023,10/31/2023,11-01-2023,Repo,Multiple Price,Same Day,1,Overnight,1.30 PM,1.45 PM,,500,,,0,0,5.5,,,,,,,,,0,0,5.5,,,,,,,,,0,0,5.5,,,,,,,,,,,,,,,,,,,,0,0,10/31/2023 13:45:24,,,,,,,,
RP 103023 2,Results,10/30/2023,10/30/2023,10/31/2023,Repo,Multiple Price,Same Day,1,Overnight,1.30 PM,1.45 PM,,500,,,0,0,5.5,,,,,,,,,0,0,5.5,,,,,,,,,0,0,5.5,,,,,,,,,,,,,,,,,,,,0,0,10/30/2023 13:45:37,,,,,,,,
RP 102723 2,Results,10/27/2023,10/27/2023,10/30/2023,Repo,Multiple Price,Same Day,3,Overnight,1.30 PM,1.45 PM,,500,,,0.001,0.001,5.5,,,5.5,,5.5,5.5,5.5,,0.001,0.001,5.5,,,5.5,,5.5,5.5,5.5,,0.001,0.001,5.5,,,5.5,,5.5,5.5,5.5,,,,,,,,,,,,,0.003,0.003,10/27/2023 13:45:44,,,,,,,,
RP 102623 2,Results,10/26/2023,10/26/2023,10/27/2023,Repo,Multiple Price,Same Day,1,Overnight,1.30 PM,1.45 PM,,500,,,0.001,0.001,5.5,,,5.5,,5.5,5.5,5.5,,0.001,0.001,5.5,,,5.5,,5.5,5.5,5.5,,0.001,0.001,5.5,,,5.5,,5.5,5.5,5.5,,,,,,,,,,,,,0.003,0.003,10/26/2023 13:45:50,,,,,,,,
RP 102523 2,Results,10/25/2023,10/25/2023,10/26/2023,Repo,Multiple Price,Same Day,1,Overnight,1.30 PM,1.45 PM,,500,,,0.001,0.001,5.5,,,5.5,,5.5,5.5,5.5,,0,0,5.5,,,,,,,,,0,0,5.5,,,,,,,,,,,,,,,,,,,,0.001,0.001,10/25/2023 13:45:51,,,,,,,,
RP 102423 2,Results,10/24/2023,10/24/2023,10/25/2023,Repo,Multiple Price,Same Day,1,Overnight,1.30 PM,1.45 PM,,500,,,0,0,5.5,,,,,,,,,0,0,5.5,,,,,,,,,0,0,5.5,,,,,,,,,,,,,,,,,,,,0,0,10/24/2023 13:45:47,,,,,,,,
RP 102323 2,Results,10/23/2023,10/23/2023,10/24/2023,Repo,Multiple Price,Same Day,1,Overnight,1.30 PM,1.45 PM,,500,,,0.003,0.003,5.5,,,5.5,,5.5,5.5,5.5,,0,0,5.5,,,,,,,,,0.002,0.002,5.5,,,5.5,,5.5,5.5,5.5,,,,,,,,,,,,,0.005,0.005,10/23/2023 13:46:06,,,,,,,,
RP 102023 2,Results,10/20/2023,10/20/2023,10/23/2023,Repo,Multiple Price,Same Day,3,Overnight,1.30 PM,1.45 PM,,500,,,0.001,0.001,5.5,,,5.5,,5.5,5.5,5.5,,0,0,5.5,,,,,,,,,0,0,5.5,,,,,,,,,,,,,,,,,,,,0.001,0.001,10/20/2023 13:45:49,,,,,,,,
RP 101923 2,Results,10/19/2023,10/19/2023,10/20/2023,Repo,Multiple Price,Same Day,1,Overnight,1.30 PM,1.45 PM,,500,,,0,0,5.5,,,,,,,,,0,0,5.5,,,,,,,,,0,0,5.5,,,,,,,,,,,,,,,,,,,,0,0,10/19/2023 13:45:24,,,,,,,,
RP 101823 2,Results,10/18/2023,10/18/2023,10/19/2023,Repo,Multiple Price,Same Day,1,Overnight,1.30 PM,1.45 PM,,500,,,0,0,5.5,,,,,,,,,0,0,5.5,,,,,,,,,0,0,5.5,,,,,,,,,,,,,,,,,,,,0,0,10/18/2023 13:45:37,,,,,,,,
RP 101723 2,Results,10/17/2023,10/17/2023,10/18/2023,Repo,Multiple Price,Same Day,1,Overnight,1.30 PM,1.45 PM,,500,,,0,0,5.5,,,,,,,,,0,0,5.5,,,,,,,,,0,0,5.5,,,,,,,,,,,,,,,,,,,,0,0,10/17/2023 13:45:31,,,,,,,,
RP 101623 2,Results,10/16/2023,10/16/2023,10/17/2023,Repo,Multiple Price,Same Day,1,Overnight,1.30 PM,1.45 PM,,500,,,0,0,5.5,,,,,,,,,0,0,5.5,,,,,,,,,0,0,5.5,,,,,,,,,,,,,,,,,,,,0,0,10/16/2023 13:45:44,,,,,,,,
RP 101323 2,Results,10/13/2023,10/13/2023,10/16/2023,Repo,Multiple Price,Same Day,3,Overnight,1.30 PM,1.45 PM,,500,,,0,0,5.5,,,,,,,,,0,0,5.5,,,,,,,,,0,0,5.5,,,,,,,,,,,,,,,,,,,,0,0,10/13/2023 13:45:26,,,,,,,,
RP 101223 2,Results,10-12-2023,10-12-2023,10/13/2023,Repo,Multiple Price,Same Day,1,Overnight,1.30 PM,1.45 PM,,500,,,0.001,0.001,5.5,,,5.5,,5.5,5.5,5.5,,0,0,5.5,,,,,,,,,0.001,0.001,5.5,,,5.5,,5.5,5.5,5.5,,,,,,,,,,,,,0.002,0.002,10-12-2023 13.45,,,,,,,,
RP 101123 2,Results,10-11-2023,10-11-2023,10-12-2023,Repo,Multiple Price,Same Day,1,Overnight,1.30 PM,1.45 PM,,500,,,0,0,5.5,,,,,,,,,0,0,5.5,,,,,,,,,0,0,5.5,,,,,,,,,,,,,,,,,,,,0,0,10-11-2023 13.45,,,,,,,,
RP 101023 2,Results,10-10-2023,10-10-2023,10-11-2023,Repo,Multiple Price,Same Day,1,Overnight,1.30 PM,1.45 PM,,500,,,0,0,5.5,,,,,,,,,0,0,5.5,,,,,,,,,0,0,5.5,,,,,,,,,,,,,,,,,,,,0,0,10-10-2023 13.45,,,,,,,,
RP 100623 2,Results,10-06-2023,10-06-2023,10-10-2023,Repo,Multiple Price,Same Day,4,Overnight,1.30 PM,1.45 PM,,500,,,0,0,5.5,,,,,,,,,0,0,5.5,,,,,,,,,0,0,5.5,,,,,,,,,,,,,,,,,,,,0,0,10-06-2023 13.45,,,,,,,,
RP 100523 2,Results,10-05-2023,10-05-2023,10-06-2023,Repo,Multiple Price,Same Day,1,Overnight,1.30 PM,1.45 PM,,500,,,0,0,5.5,,,,,,,,,0,0,5.5,,,,,,,,,0,0,5.5,,,,,,,,,,,,,,,,,,,,0,0,10-05-2023 13.45,,,,,,,,
RP 100423 2,Results,10-04-2023,10-04-2023,10-05-2023,Repo,Multiple Price,Same Day,1,Overnight,1.30 PM,1.45 PM,,500,,,0,0,5.5,,,,,,,,,0,0,5.5,,,,,,,,,0,0,5.5,,,,,,,,,,,,,,,,,,,,0,0,10-04-2023 13.45,,,,,,,,
RP 100323 2,Results,10-03-2023,10-03-2023,10-04-2023,Repo,Multiple Price,Same Day,1,Overnight,1.30 PM,1.45 PM,,500,,,0.001,0.001,5.5,,,5.5,,5.5,5.5,5.5,,0,0,5.5,,,,,,,,,0,0,5.5,,,,,,,,,,,,,,,,,,,,0.001,0.001,10-03-2023 13.45,,,,,,,,
RP 100223 2,Results,10-02-2023,10-02-2023,10-03-2023,Repo,Multiple Price,Same Day,1,Overnight,1.30 PM,1.45 PM,,500,,,0,0,5.5,,,,,,,,,0,0,5.5,,,,,,,,,0,0,5.5,,,,,,,,,,,,,,,,,,,,0,0,10-02-2023 13.45,,,,,,,,
RP 092923 2,Results,09/29/2023,09/29/2023,10-02-2023,Repo,Multiple Price,Same Day,3,Overnight,1.30 PM,1.45 PM,,500,,,0,0,5.5,,,,,,,,,0,0,5.5,,,,,,,,,0,0,5.5,,,,,,,,,,,,,,,,,,,,0,0,09/29/2023 13:45:43,,,,,,,,
RP 092823 2,Results,09/28/2023,09/28/2023,09/29/2023,Repo,Multiple Price,Same Day,1,Overnight,1.30 PM,1.45 PM,,500,,,0,0,5.5,,,,,,,,,0,0,5.5,,,,,,,,,0.001,0.001,5.5,,,5.5,,5.5,5.5,5.5,,,,,,,,,,,,,0.001,0.001,09/28/2023 13:45:54,,,,,,,,
RP 092723 2,Results,09/27/2023,09/27/2023,09/28/2023,Repo,Multiple Price,Same Day,1,Overnight,1.30 PM,1.45 PM,,500,,,0.001,0.001,5.5,,,5.5,,5.5,5.5,5.5,,0,0,5.5,,,,,,,,,0.001,0.001,5.5,,,5.5,,5.5,5.5,5.5,,,,,,,,,,,,,0.002,0.002,09/27/2023 13:45:59,,,,,,,,
RP 092623 2,Results,09/26/2023,09/26/2023,09/27/2023,Repo,Multiple Price,Same Day,1,Overnight,1.30 PM,1.45 PM,,500,,,0,0,5.5,,,,,,,,,0,0,5.5,,,,,,,,,0,0,5.5,,,,,,,,,,,,,,,,,,,,0,0,09/26/2023 13:45:36,,,,,,,,
RP 092523 2,Results,09/25/2023,09/25/2023,09/26/2023,Repo,Multiple Price,Same Day,1,Overnight,1.30 PM,1.45 PM,,500,,,0,0,5.5,,,,,,,,,0,0,5.5,,,,,,,,,0,0,5.5,,,,,,,,,,,,,,,,,,,,0,0,09/25/2023 13:45:40,,,,,,,,
RP 092223 2,Results,09/22/2023,09/22/2023,09/25/2023,Repo,Multiple Price,Same Day,3,Overnight,1.30 PM,1.45 PM,,500,,,0,0,5.5,,,,,,,,,0,0,5.5,,,,,,,,,0,0,5.5,,,,,,,,,,,,,,,,,,,,0,0,09/22/2023 13:45:50,,,,,,,,
RP 092123 2,Results,09/21/2023,09/21/2023,09/22/2023,Repo,Multiple Price,Same Day,1,Overnight,1.30 PM,1.45 PM,,500,,,0.001,0.001,5.5,,,5.5,,5.5,5.5,5.5,,0,0,5.5,,,,,,,,,0.001,0.001,5.5,,,5.5,,5.5,5.5,5.5,,,,,,,,,,,,,0.002,0.002,09/21/2023 13:46:23,,,,,,,,
RP 092023 2,Results,09/20/2023,09/20/2023,09/21/2023,Repo,Multiple Price,Same Day,1,Overnight,1.30 PM,1.45 PM,,500,,,0,0,5.5,,,,,,,,,0,0,5.5,,,,,,,,,0,0,5.5,,,,,,,,,,,,,,,,,,,,0,0,09/20/2023 13:45:37,,,,,,,,
RP 091923 2,Results,09/19/2023,09/19/2023,09/20/2023,Repo,Multiple Price,Same Day,1,Overnight,1.30 PM,1.45 PM,,500,,,0,0,5.5,,,,,,,,,0,0,5.5,,,,,,,,,0,0,5.5,,,,,,,,,,,,,,,,,,,,0,0,09/19/2023 13:45:34,,,,,,,,
RP 091823 2,Results,09/18/2023,09/18/2023,09/19/2023,Repo,Multiple Price,Same Day,1,Overnight,1.30 PM,1.45 PM,,500,,,0,0,5.5,,,,,,,,,0,0,5.5,,,,,,,,,0,0,5.5,,,,,,,,,,,,,,,,,,,,0,0,09/18/2023 13:45:37,,,,,,,,
RP 091523 2,Results,09/15/2023,09/15/2023,09/18/2023,Repo,Multiple Price,Same Day,3,Overnight,1.30 PM,1.45 PM,,500,,,0,0,5.5,,,,,,,,,0,0,5.5,,,,,,,,,0,0,5.5,,,,,,,,,,,,,,,,,,,,0,0,09/15/2023 13:45:48,,,,,,,,
RP 091423 2,Results,09/14/2023,09/14/2023,09/15/2023,Repo,Multiple Price,Same Day,1,Overnight,1.30 PM,1.45 PM,,500,,,0.001,0.001,5.5,,,5.5,,5.5,5.5,5.5,,0,0,5.5,,,,,,,,,0.011,0.011,5.5,,,5.5,,5.5,5.5,5.5,,,,,,,,,,,,,0.012,0.012,09/14/2023 13:47:07,,,,,,,,
RP 091323 2,Results,09/13/2023,09/13/2023,09/14/2023,Repo,Multiple Price,Same Day,1,Overnight,1.30 PM,1.45 PM,,500,,,0,0,5.5,,,,,,,,,0,0,5.5,,,,,,,,,0,0,5.5,,,,,,,,,,,,,,,,,,,,0,0,09/13/2023 13:46:00,,,,,,,,
RP 091223 2,Results,09-12-2023,09-12-2023,09/13/2023,Repo,Multiple Price,Same Day,1,Overnight,1.30 PM,1.45 PM,,500,,,0,0,5.5,,,,,,,,,0,0,5.5,,,,,,,,,0,0,5.5,,,,,,,,,,,,,,,,,,,,0,0,09-12-2023 13.45,,,,,,,,
RP 091123 2,Results,09-11-2023,09-11-2023,09-12-2023,Repo,Multiple Price,Same Day,1,Overnight,1.30 PM,1.45 PM,,500,,,0.001,0.001,5.5,,,5.5,,5.5,5.5,5.5,,0,0,5.5,,,,,,,,,0,0,5.5,,,,,,,,,,,,,,,,,,,,0.001,0.001,09-11-2023 13.45,,,,,,,,
RP 090823 2,Results,09-08-2023,09-08-2023,09-11-2023,Repo,Multiple Price,Same Day,3,Overnight,1.30 PM,1.45 PM,,500,,,0,0,5.5,,,,,,,,,0,0,5.5,,,,,,,,,0,0,5.5,,,,,,,,,,,,,,,,,,,,0,0,09-08-2023 13.45,,,,,,,,
RP 090723 2,Results,09-07-2023,09-07-2023,09-08-2023,Repo,Multiple Price,Same Day,1,Overnight,1.30 PM,1.45 PM,,500,,,0.012,0.012,5.5,,,5.5,,5.5,5.5,5.5,,0.001,0.001,5.5,,,5.5,,5.5,5.5,5.5,,0.001,0.001,5.5,,,5.5,,5.5,5.5,5.5,,,,,,,,,,,,,0.014,0.014,09-07-2023 13.45,,,,,,,,
RP 090623 2,Results,09-06-2023,09-06-2023,09-07-2023,Repo,Multiple Price,Same Day,1,Overnight,1.30 PM,1.45 PM,,500,,,0.001,0.001,5.5,,,5.5,,5.5,5.5,5.5,,0,0,5.5,,,,,,,,,0,0,5.5,,,,,,,,,,,,,,,,,,,,0.001,0.001,09-06-2023 13.45,,,,,,,,
RP 090523 2,Results,09-05-2023,09-05-2023,09-06-2023,Repo,Multiple Price,Same Day,1,Overnight,1.30 PM,1.45 PM,,500,,,0.011,0.011,5.5,,,5.5,,5.5,5.5,5.5,,0.001,0.001,5.5,,,5.5,,5.5,5.5,5.5,,0.001,0.001,5.5,,,5.5,,5.5,5.5,5.5,,,,,,,,,,,,,0.013,0.013,09-05-2023 13.45,,,,,,,,
RP 090123 2,Results,09-01-2023,09-01-2023,09-05-2023,Repo,Multiple Price,Same Day,4,Overnight,1.30 PM,1.45 PM,,500,,,0,0,5.5,,,,,,,,,0,0,5.5,,,,,,,,,0,0,5.5,,,,,,,,,,,,,,,,,,,,0,0,09-01-2023 13.45,,,,,,,,
RP 083123 2,Results,08/31/2023,08/31/2023,09-01-2023,Repo,Multiple Price,Same Day,1,Overnight,1.30 PM,1.45 PM,,500,,,0,0,5.5,,,,,,,,,0,0,5.5,,,,,,,,,0,0,5.5,,,,,,,,,,,,,,,,,,,,0,0,08/31/2023 13:45:30,,,,,,,,
RP 083023 2,Results,08/30/2023,08/30/2023,08/31/2023,Repo,Multiple Price,Same Day,1,Overnight,1.30 PM,1.45 PM,,500,,,0,0,5.5,,,,,,,,,0,0,5.5,,,,,,,,,0,0,5.5,,,,,,,,,,,,,,,,,,,,0,0,08/30/2023 13:45:54,,,,,,,,
RP 082923 2,Results,08/29/2023,08/29/2023,08/30/2023,Repo,Multiple Price,Same Day,1,Overnight,1.30 PM,1.45 PM,,500,,,0.001,0.001,5.5,,,5.5,,5.5,5.5,5.5,,0,0,5.5,,,,,,,,,0,0,5.5,,,,,,,,,,,,,,,,,,,,0.001,0.001,08/29/2023 13:45:52,,,,,,,,
RP 082823 2,Results,08/28/2023,08/28/2023,08/29/2023,Repo,Multiple Price,Same Day,1,Overnight,1.30 PM,1.45 PM,,500,,,0,0,5.5,,,,,,,,,0,0,5.5,,,,,,,,,0,0,5.5,,,,,,,,,,,,,,,,,,,,0,0,08/28/2023 13:45:41,,,,,,,,
RP 082523 2,Results,08/25/2023,08/25/2023,08/28/2023,Repo,Multiple Price,Same Day,3,Overnight,1.30 PM,1.45 PM,,500,,,0,0,5.5,,,,,,,,,0,0,5.5,,,,,,,,,0,0,5.5,,,,,,,,,,,,,,,,,,,,0,0,08/25/2023 13:45:38,,,,,,,,
RP 082423 2,Results,08/24/2023,08/24/2023,08/25/2023,Repo,Multiple Price,Same Day,1,Overnight,1.30 PM,1.45 PM,,500,,,0,0,5.5,,,,,,,,,0,0,5.5,,,,,,,,,0,0,5.5,,,,,,,,,,,,,,,,,,,,0,0,08/24/2023 13:45:40,,,,,,,,
RP 082323 2,Results,08/23/2023,08/23/2023,08/24/2023,Repo,Multiple Price,Same Day,1,Overnight,1.30 PM,1.45 PM,,500,,,0,0,5.5,,,,,,,,,0,0,5.5,,,,,,,,,0,0,5.5,,,,,,,,,,,,,,,,,,,,0,0,08/23/2023 13:45:52,,,,,,,,
RP 082223 2,Results,08/22/2023,08/22/2023,08/23/2023,Repo,Multiple Price,Same Day,1,Overnight,1.30 PM,1.45 PM,,500,,,0,0,5.5,,,,,,,,,0,0,5.5,,,,,,,,,0,0,5.5,,,,,,,,,,,,,,,,,,,,0,0,08/22/2023 13:45:35,,,,,,,,
RP 082123 2,Results,08/21/2023,08/21/2023,08/22/2023,Repo,Multiple Price,Same Day,1,Overnight,1.30 PM,1.45 PM,,500,,,0,0,5.5,,,,,,,,,0,0,5.5,,,,,,,,,0,0,5.5,,,,,,,,,,,,,,,,,,,,0,0,08/21/2023 13:45:38,,,,,,,,
RP 081823 2,Results,08/18/2023,08/18/2023,08/21/2023,Repo,Multiple Price,Same Day,3,Overnight,1.30 PM,1.45 PM,,500,,,0,0,5.5,,,,,,,,,0,0,5.5,,,,,,,,,0,0,5.5,,,,,,,,,,,,,,,,,,,,0,0,08/18/2023 13:45:30,,,,,,,,
RP 081723 2,Results,08/17/2023,08/17/2023,08/18/2023,Repo,Multiple Price,Same Day,1,Overnight,1.30 PM,1.45 PM,,500,,,0.001,0.001,5.5,,,5.5,,5.5,5.5,5.5,,0,0,5.5,,,,,,,,,0,0,5.5,,,,,,,,,,,,,,,,,,,,0.001,0.001,08/17/2023 13:45:43,,,,,,,,
RP 081623 2,Results,08/16/2023,08/16/2023,08/17/2023,Repo,Multiple Price,Same Day,1,Overnight,1.30 PM,1.45 PM,,500,,,0,0,5.5,,,,,,,,,0,0,5.5,,,,,,,,,0.001,0.001,5.5,,,5.5,,5.5,5.5,5.5,,,,,,,,,,,,,0.001,0.001,08/16/2023 13:45:35,,,,,,,,
RP 081523 2,Results,08/15/2023,08/15/2023,08/16/2023,Repo,Multiple Price,Same Day,1,Overnight,1.30 PM,1.45 PM,,500,,,0,0,5.5,,,,,,,,,0,0,5.5,,,,,,,,,0.001,0.001,5.5,,,5.5,,5.5,5.5,5.5,,,,,,,,,,,,,0.001,0.001,08/15/2023 13:45:51,,,,,,,,
